deep-learning,machine-learning,artificial-intelligence,data-science,neural-network,data-analysis,roadmap
javascript,vue,linux,macos,windows,electron,music,mac,pwa,vue-router,vuex,music-player,progressive-web-app,vue-cli,netease-music,pwa-apps
python,security,linux,mysql,nosql,git,sre,system-design,networking
malware,malware-research,malware-development,malware-detection
kubernetes,containers,oci
react,nextjs,ecommerce
computer-vision,artificial-intelligence,transformers,attention-mechanism,image-classification
dotnet,bilibili,autotask,dotnet5
rust,kubernetes,aws,helm,azure,terraform,gcp,cloud,digitalocean
library,downloader,media,streaming
ios,swift,uikit
deep-learning,pytorch,android,deep-neural-networks,object-detection,ncnn
bilibili,autotask,uid
c,json,performance,serialization,cross-platform,portable,deserialization
python,javascript,java,linux
android,menu,popup
python,deep-learning,pytorch,machine-learning,computer-vision,tensorflow,ai,3d,neural-network,dataset,3d-reconstruction,augmented-reality,3d-vision
deep-learning,computer-vision,artificial-intelligence,attention-mechanism,attention
golang,go,wasm,kernel,osdev
awesome-list,list,css3,resources,lists,awesome-lists,fontend
python,javascript,java,c,csharp,programming,projects,music-player,cpp11,search-engine
graph,arduino,embedded,qt,projects,csv,microcontroller
rust,cli,open-source,command-line-tool,cargo,rust-lang,easy-to-use,zshrc
ios14,scriptable,ios14-widget,ios-widget
vue,vue3,vuejs,spring-boot,vuejs3,vue3-demo,newbee-mall
twitch,extension,adblock,ads,ublock
react,javascript,vue,frontend
javascript,frontend,vanilla
security,pentesting,cve,security-tools,scanner,vulnerabilities,exploit,rce,pentest-tool,cve-2020-17530,cve-2019-17558,cve-2020-14882
typescript,electron,electron-app
nodejs,video,ffmpeg,video-processing
emacs,design,lisp
hacking,raspberry-pi,cheatsheet,wifi,hacking-tools,mindmap,red-team
react,nextjs,dark-theme,dark-mode
python3,hacking,scanner,cybersecurity,fuzzing,webpack
react,reactjs,tailwindcss,tailwind,free,landing,landing-page
apk,hook,il2cpp
linux,macos,cli,html,terminal,firefox,rss,freebsd,newsbeuter,elinks
static-site,static-site-generator,ssg,preact,css-modules,microsite
svg,png,avif
security,reverse-engineering,debugging,exploitation
golang,hacktoberfest,go,hacktoberfest2020,awesome,telegram,telegram-bot,mtproto,tdlib,api-client,telegram-api
serverless,serverless-framework,aws-serverless,serverless-devs-tool,alibaba-serverless
deep-learning,artificial-intelligence,transformers,attention-mechanism,attention
graph,graph-neural-networks,gremlin,graph-analytics
android,api,kotlin,jetpack-compose,testing,backend,rest-api,mvvm-architecture,coroutines,flow,hilt-android,coroutines-android,mvvm-android,viewbinding,dependency-injection,retrofit2
ios,https-traffic,maninthemiddle
ios,widget,ios14,scriptable,ios14-widget,scriptable-app,customization,layout
vue3,antd,xiaobaiyang
security,poc,exp,sec
linux,macos,cpp17,high-performance,visual-studio,freebsd,cpp11,cpp-library
hacktoberfest,website,developer,foss,github-pages,subdomain,dev
http,proxy,ssr,free,vmess,shadowsocks,vpn,trojan,v2ray,ss,pac,v2fly,gfw,lantern,fanqiang,free-ss,dosvpn
hacktoberfest,terminal,image
css,placeholder,image-optimisation
deep-learning,pytorch,machine-learning,computer-vision,embeddings,self-supervised-learning
raspberry-pi,arm,arm64,aarch64,cm4
python,deep-learning,pytorch,transformers,attention-mechanism,transformer,attention,jupyter,deeplearning,pytorch-transformer,transformer-tutorial
rust,security,http,static-site,server,rust-lang,http-server,static,webserver,handlebars,web-server,static-server
distributed,graph-analytics,distributed-systems,shared-memory
typescript,java,compiler,programming-language,c99,transpiler
datasets,segmentation,image-matting,matting
bert,keyphrase-extraction,mmr
dataset,automl,benchmark,medical-image-analysis,medical
hacktoberfest,rust,hacktoberfest2020,chrome,command-line-tool,demo,vscode,recorder,fast,screen-recorder,terminal-recording,gif-creator
python,deep-learning,pytorch,machine-learning,artificial-intelligence,tensorflow,transformers,neural-network,embeddings,deeplearning,vector,word2vec,video-processing,vector-similarity,encodings,audio-processing
kubernetes,monitoring,prometheus,shard
javascript,js,media
hacktoberfest,genshin-impact,hacktober,genshin,gacha
neovim,neovim-plugin,vim,vim-plugin
deep-learning,pytorch,gan,tts,text-to-speech,speech-synthesis
async,cache,integration,salesforce
golang,go,monitoring,visualization,tui
rust,database,sql,clickhouse,olap,simd
golang,go,detection,static-analysis,analysis,synchronization,pointer-analysis,detects-races,static-code-analysis
javascript,typescript,ui,ui-components,ui-design,less,components-library,rabbit-ui
react,typescript,productivity,privacy,material-ui,offline,agile,productivity-tools,kanban-board,agile-board
debian,ubuntu,preferred-apps,elementaryos,pop-os
golang,security,golang-package
pytorch,object-detection,single-stage
nodejs,database,whatsapp-bot,downloader,youtube,nulis,simisimi
python,hacktoberfest,machine-learning,ai,keras,reinforcement-learning,q-learning
react,3d,editor,webgl,threejs,react-three-fiber
algorithms,data-structures,placements,dsa,competitive-programming
ssr,file-manager,ssh-tunnel,ddns
hacktoberfest,hacktoberfest2020,open-source,video,ffmpeg,youtube
kubernetes,devops,debugging,logging,logs
android,netty,tcp-ip,netty-server
mysql,mongodb,redis,microsoft,nosql,internal
docker-compose,self-hosted,cookbook
emacs,org-roam,org-mode
hacktoberfest,hacktoberfest2020,tailwindcss,svg,design,generator,preact,uidesign,waves
javascript,android,hacktoberfest,ios,cpp,open-source,productivity,opensource,free-software,documents,enterprise
golang,components,server-side-rendering,websockets,virtual-dom,liveview,live-view
malware,malware-research,malware-development
react,data,table
mongodb,postgresql,vercel,blog,sqlite,comment,leancloud,cloudbase,valine
ios,macos,apple,tvos,watchos
vue3,mysql,vuejs,heroku,smtp,flask,ui-stisla
hacktoberfest,laravel,laravel-package,email,laravel-framework
raspberry-pi,speech,snowboy
rust,prometheus,rust-lang,qemu,energy,energy-monitor,watts,sustainability,virtual-machines,electricity
python,hacktoberfest,hacktoberfest2020,automation,hacktoberfest-accepted
interview-questions,leetcode,cpp-cheat-sheet,codeforces
deep-learning,machine-learning,typing-practice,typing,touch-typing
nlp,text-generation,natural-language-processing
python,machine-learning,nlp,search
deep-learning,machine-learning,c,ai,library,neural-network,inference,embedded,lightweight,onnx,portable,hardware-acceleration
javascript,ios,widget,widgets
lua,cve,microsoft,rce,tcpip-stack,badneighbor,windows-10,suricata-rule,icmpv6,neighbor-discovery-protocol,buffer-overflow-vulnerability
android,kotlin,mvvm-architecture,camera,clean-architecture,hilt-android,coroutines-android,mvvm-android,paging3,microphone,room-persistence-library,screen-dots,androidanimation,androidviewmodel
hacktoberfest,java,hacktoberfest2020,c
react,reactjs,scss,portfolio,react-spring,portfolio-website,transition-animation,animations,mixins
rust,cargo,script
ios,docker,arm,kernel,xnu,gdb
docker,dotnet,virustotal,defender
hacktoberfest,hacktoberfest2020,open-source,first-timers,open-source-project,contributions-welcome,contribute-repository
obsidian-plugin,obsidian-md,obsidian
framework,godot-engine,godot
android,kotlin,fragment,skydoves,intent,activity,bundler,kotlin-extensions,bundle
python,deep-learning,pytorch,machine-learning,artificial-intelligence,tensorflow,transformers,embeddings,neural-networks,search,vector,vector-similarity,encodings,search-engine,vector-similarity-database,vector-search
kubernetes,docker,monitoring,http,observability,k8s,https,tcp,http2,socket,sre
golang,go,webassembly,wasm
awesome-list,csharp,list,dotnet,roslyn,csharp-sourcegenerator
async,rest-api,talkpython,apis
security,kubernetes,aws,gcp,security-audit,cloud,cspm
awesome,awesome-list,politics,project-management,career,management,culture,systems,transition,recruitment
ios,awesome,awesome-list,widget,ios14,scriptable,scriptable-app
penetration-testing,ethical-hacking,network-programming,arp-spoofing,socket-programming,arp-poisoning
3d,threejs,geometry
hacktoberfest,rust,filesystem,unix
react,reactjs,workflow,elkjs,diagrams,node-editor
hacktoberfest,freedom,thai,democracy
security,aspnetcore,oauth,identity
deep-learning,artificial-intelligence,transformers,attention-mechanism
golang,monitoring,provisioning,icinga-plugin
binance,cryptocurrency,trading,trading-bot
dns-server,routing,dns,dns-over-https
penetration-testing,bugbounty,recon,reconnaissance,medium-scopes
among-us,game,godot-engine,social-deduction-game,mafia
transformers,vision-transformer,image-classification
graph,jupyter,gremlin,sparql
php,awesome,source-code
react,svelte,hooks
rust,docker,cargo,ci
golang,open-source,self-hosted,podcast,podcast-player
rust,cloudflare-workers,cron
react,typescript,electron,redux,rss
react,nextjs,template,components,ui-components,opensource,gatsby,static-site,responsive,webapp,learning,theme-ui,universal,business,server-rendering
security,api,oauth,identity
php,laravel,php8
security,pentesting,ctf,ctf-tools,brute-force,steganography,steghide
tmall,taobao,autojs
proxy,trojan,gfw
golang,go,cli,pdf,cobra
android,ios,linux,windows,c,cross-platform,package-manager
typescript,neovim,gui,electron,webgl2
language,chrome,firefox,language-learning,pronounciation,extension-chrome
flutter,flutter-package,router,routing
golang,go,library,cache,arc-cache,lfu,in-memory,ttl
computer-vision,awesome-list,transformers,self-attention,representation-learning
typescript,compiler,functional-programming,learning
hacktoberfest,hacktoberfest2020,hacktoberfest-accepted,good-first-issue,hacktoberfest-2020,hacktoberfest-starter
monitoring,observability,grafana,grafana-dashboard,monitoring-tool
android,java,block,native,handler,crash-reporting,reporter
hacktoberfest,flutter,dart,resources
apk,ghidra,ida,radare2
react,python3,django,generator,admin,django-rest-framework,nocode
python,deep-learning,go,java,swift,cpp,c,csharp,algorithms,data-structures,machine-learning-algorithms
kubernetes,grafana,helm,nosql,prometheus,stargate,medusa,cassandra
javascript,vue,java,mysql,spring-boot,redis,springboot,uniapp,netease,netease-music,netease-cloud-music,oss,uni-app
ios,linux,apple,iso
rust,algorithms,math,simd,optimizations
python,golang,swift,kotlin,dart,cpp,challenges
ios,swift,github,ios14,widgets,widgetkit,ios-app,ios-swift
linux,docker,yum,ap-t,install,apt-get
javascript,php,html
css,web,js,bwb
library,json,cpp17,console,table,export,single-header-lib,csv,single-header,benchmarking,criterion
react,table,react-data-grid
android,kotlin,jetpack-compose,skydoves
slam,pose-estimation,loam-velodyne,livox-lidar,lidar-inertial-odometry,loam
vue,awesome,vue-router,vuex,vue-element-admin,vue-cli,vue-admin,element-ui,admin
android-library,android-security,android-development,device-identifier
react,reactjs,translation,translations
miniprogram,weixin-app,weixin,wechat-mini-program
web,webapp,wordpress,miniprogram,html-css-javascript
swiftui,uikit,electron,catalyst
python,opencv,video,face-detection,face-recognition,opencv-python
javascript,nodejs,html5,boilerplate,frontend,scss,babel,sass,fast,parcel,postcss,html-css-javascript,parceljs,autoprefixer
hacktoberfest,rust,docker,hacktoberfest2020,ctf,ctf-tools,cargo,images,brute-force,steganography,steghide,decryption,crack,steg
database,web,free,backend,learning,easy,webapplication,rapid-development
jupyter,notebook,nbdev,fastai
javascript,webgl,threejs,glsl,webgl2
api,database,graph,social-media,analytics,data,politics,social,social-network,neo4j,analysis,network,etl,graph-database,reddit,elt
react,react-native,curl,debug,vdebug
covid-19,variants,covid19,sars-cov-2
rust,hacking,j2534,vehicle,protocol,diagnostics,open-vehicle-diagnostics,diagnostics-application,mercedes-benz,reverse-engineering-framework,ovd
3d,gamedev,geometry,rendering,mesh
cpp,cpp17,computer-graphics
go,kubernetes,deployment,kubectl,gitops,deployment-automation,dashboard,eks,release-automation,gke,aks,workflow-engine,continuous-deployment,kubernetes-dashboard
graphics,generative-model,3dvision
reverse-engineering,dark-theme,ghidra
javascript,3d,threejs,coding-dojo
data-visualization,elixir,developer-tools
react,reactjs,awesome,react-router,react-redux,react-starter-project
performance,c-sharp,serializer,bssom
python,react,typescript,data-science,visualization,data-visualization,fastapi,data-analysis,pandas
swift,ui,widget,ios14,xcode,animation,widgets
ios,widget,scriptable
typescript,nodejs,clean-architecture,ddd,tdd
pytorch,machine-learning,deep-neural-networks,dnn,ml-training
cli,command-line,flow,blockchain
react,hacktoberfest,hacktoberfest2020,gatsby,good-first-issue,developer,beginner-friendly
linux,mouse,gamepad
redteam,cobaltstrike-cna,redteam-tools
ethereum,blockchain,defi
hacktoberfest,laravel,phpstorm,laravel-collections,intellij-plugin
php,hacking,penetration-testing,vulnerability,xss,audit,sql-injection,lfi,command-injection,local-file-inclusion
tailwindcss,portfolio,portfolio-website,portfolio-template
deep-learning,framework,inference,parallel
deep-learning,computer-vision,cpp,dataset,opencv,image-processing,qt,annotation,annotation-tool,classification,labeling-tool,qtquick,qt5
csharp,wpf,xamarin,uwp,xamarin-forms,xamarin-ios
java,demo,ddd,skeleton,headless-commerce,dddplus,ddd-example,hotswappable,scaffold
bot,whatsapp,heroku,whatsapp-web,qrcode
typescript,vue3,proxy,demo,composition-api,vuex4,vite,vue3-demo
python,javascript,android,hacktoberfest,java,php,kotlin,cpp,c,algorithms,data-structures,good-first-issue,sorting-algorithms,searching-algorithms
api,rest-api,rest
pytorch,streamlit,generative-model,pytorch-lightning,gans,lightning
elasticsearch,kibana,elk,elastic
api,devops,rest-api,fuzzing,rest,fuzzing-framework
javascript,3d,dos
puppeteer,audit,accessibility
security,lovelace,integration,alarm,assistant,home
neovim,neovim-plugin,vim,vim-plugin
swift,swiftui,widget,ios14,demo,ios14-widget,intent,coredata,widgetkit
automation,github-actions,ci,workflow,actions,release-automation,issues,labels,release,cd
proxy,ssr,free,vmess,v2ray,ss,proxy-server,v2fly,vmess-over-tls
vue,php,high-performance,alarm,universal,monitor,hyperf
svg,web-components,icons,figma
java,framework,productivity,plugin,ddd,extension,flexible,productivity-tools,headless-commerce,dddplus,domain-driven-development,enterprise-architecture,complex-business-architecture
javascript,typescript,js,canvas,ts
among-us,amongus,mod,voip
saga,distributed,event-driven,actor
twitch,anime,commands
emacs,svg,tags
python,language,scraping,language-learning,podcast,requests,learn-chinese,learn-spanish,course,learn,download,jpod101,japanese-language,chinese-language,beautifulsoup,japanesepod101,spanish-language,japanese,japanesepod,learn-japanese
react,typescript,tailwindcss,redux-toolkit
rust,async,peer-to-peer,libp2p
flutter,terminal,cross-platform
python,javascript,hacktoberfest,java,hacktoberfest2020,kotlin,dart,cpp,csharp,beginner-friendly
nodejs,sqlite,handlebars
nextjs,real-time,hook,sanity
javascript,typescript,api,js,deno,discord,ts
cli,terminal,command-line,npm
interview-questions,leetcode,interview
javascript,nodejs,html5,css3,pdf,twitter
react,typescript,nextjs,tailwindcss,jest,react-testing-library,testing-library
rust,terminal,cargo
graphql,generator,prisma,crud
node,downloader,weibo-spider
react,graphql,apollo-client
chrome,chrome-extension,social-media,firefox,firefox-extension,habrahabr,habrapost,firefox-addons
react,javascript,typescript,database,hook,state-management,datalog,graph-database,homebase,relational-databases
flutter,ios14,ios14-widget,ios-widget
vulnerability,burpsuite,checker,burp-plugin
console,output,viewer
camera,hack,rtsp
wifi,iot,ble,risc-v,combomesh,bl602
windows,rpc,post-exploitation,smb
redis,kafka,asyncio,distributed-systems
rust,swift,api,webassembly,event-driven
nodejs,video,ffmpeg,video-processing
neural-networks,robust-optimization,non-rigid-shapes
pytorch,self-attention,image-classification
deep-learning,reinforcement-learning,openai-gym,q-learning,c51,a3c,sac
deep-learning,gan,anime
reactjs,genshin-impact,map,genshin
security,detection,target-cfc
hacktoberfest,hacktoberfest2020,html5,css3,opensource,first-pull-request,good-first-pr
apple,reverse-engineering,cplay2air
bugbounty,bug-bounty,facebook-security,bugbounty-writeups
python,android,linux,gcc,android-windows-linux
face-detection,tensorflowjs,tfjs,face-recognition,face-embedding,hand-tracking
golang,go,concurrency,golang-library,workers,worker-functions
typesense-instantsearch-adapter,typesense,instantsearch-js
hacktoberfest,hacktoberfest2020,hacktoberfest-accepted,hacktoberfest-2020
hacktoberfest,kubernetes,cloud-native
javascript,typescript,vue,state-management
webassembly,actor-model,wapc
javascript,typescript,nodejs,cli,boilerplate,command-line-tool,node,command-line,node-js,babel,npm-package,cli-app,command-line-interface,npx
clojure,neo4j,graphs,datalog,rdf
tailwindcss,react-native,expo,variants,babel-macros,utility-first
hacktoberfest,hacktoberfest2020,hacktoberfest-accepted
deep-learning,pytorch,tensorflow,neural-network,neurips-2020
compression,nim,lz77
neovim,neovim-plugin,vim,theme,color-scheme,colorscheme,vim-colors,vim-colorscheme,syntax-theme
laravel,eloquent,flattable,denormalization
security,cve,cybersecurity,vulnerabilities,infosec
neovim,neovim-plugin,lua,vim,nvim,neovim-lua
react,redux,blog,antd
react,typescript,nextjs,boilerplate,frontend,scss,redux,hooks,pwa,progressive-web-app,css-modules,redux-thunk
badges,styled-components,shields,shields-io
react,nextjs,tailwindcss,vercel,headless,starter-template,framer-motion,sanity,shopify
python3,dns-server,dns-client,dns,dns-tunneling
golang,go,jwt
python,linux,cli,terminal,devops,shell,tool,analytics,utility,console,bash,gitlab,statistics,zsh,russian,history,alias,top
cpp,testing,frida,mocking
python,binance,cryptocurrency,trading,binance-api,bitcoin,eth
javascript,html,html5,js
json,haskell,serialization,marshalling,bytestring
testing,fuzzing,cvc4,smt
kotlin,jetpack-compose,compose,kotlin-android
hacktoberfest,serverless,github,profile,profile-readme,readme-generator,stats,readme,dynamic,readme-stats
automation,bot,whatsapp,node-js,whatsapp-bot,downloader
redteam,pentesting-tools,cobalt-strike
security,messaging,email
productivity,free,search,notebook,app,notes
api,gui,backend,openapi
python,golang,rust,java,kotlin,markdown,github-actions,terraform,ci,scala,linter
computer-vision,tensorflow,transformer,vision-transformer
envoyproxy,ddos,waf,botmanagement
golang,github-actions,pipeline,stream-processing,workflow,golang-package,golang-library,workflow-engine,pipeline-framework,mit-license
security,kubernetes,penetration-testing,exploitation,hostipc,pods
paper,robotics,lidar-odometry,robotic-applications
reactjs,aws,terraform
computer-vision,tensorflow,datapipeline
computer-vision,tensorflow,datapipeline
rust,gamedev,3d-engine
linux,windows,mouse,keyboard
hacktoberfest,php,laravel,laravel-package,eloquent,laravel-framework,php7
python,search,crawler,spider
android,material-ui,material-design,bottomnavigationview,toolbar
hacking,pentest,burpsuite,bounty
cms,calendar,file-manager,document-editor,office-suite
cpp,cpp17,parallel-computing,taskparallelism,stop-token
music,beeper,rtttl
react,javascript,ui,algorithms,design,programming,material-ui,draw,socket-io,chat,room
docker,github-actions,metadata,labels,tags
vue,vue3,composition-api,axios,userequest
laravel,microservices,domain-driven-development,lucid,lucid-architecture
deep-learning,deep-neural-networks,object-detection,opencv,tensorflow2
flutter,awesome,awesome-list,dart
awesome-list,mysql,performance,awesome-lists,mariadb,percona-mysql,database-management,percona-server,mysql-server
kubernetes,artificial-intelligence,edge,machinelearning,k3s,datascience,inference-server
go,http,server
hacktoberfest,hacktoberfest2020,hacktober,fizzbuzz
nextjs,firebase,cookies,next,firebase-authentication,firebase-js-sdk
pytorch,skeleton,cuda
hacktoberfest,hacktoberfest2020,hacktober,first-timers,hacktoberfest-starter,first-pull-request,first-program,first-pull
ios,swift,macos,kotlin,kotlin-multiplatform,tvos,watchos,gradle
python,deep-learning,computer-vision,tensorflow
python,docker,github-actions,github-api,portfolio,project,github-pages
windows,gamedev,game-engine,game-development,game,image-processing,application,visual-studio,opengl,win32,logitech-gaming,openal,xinput,winapi,application-framework,graphics-engine,openal-soft,win32-cpp
python,python3,raspberry-pi,dashboard,covid-19,covid19,raspberrypi
framework,angular,server-side-rendering,routing,ngx
kubernetes,docker,monitoring,raspberry-pi,grafana,docker-compose,k3s,telegraf
jupyter,jupyter-notebook,google-cloud-storage,notebook-viewer,jnotebook-reader,minio
security,open-source,cve,vulnerability,benchmark
react,vue,svelte,color,dark
swiftui,calendar,horizontal-scrolling,dategrid,date
rust,privacy,webassembly,cryptography,enclave
ios,swift,macos,apple,camera,mac,catalyst,photos,notifications,ipad
flutter,color-scheme,material-design
stm32,lens,ef-s,canon
nodejs,tools,expressjs,encryption-decryption,twofish,blowfish,aes,crypto
python,android,automation,bot,script,instagram,instagram-bot,emulator,like,followers,automator
hacktoberfest,php,redis,prometheus,metrics
theme,dark-theme,gitbook,variants
gateway,ibkr,ibkr-credentials
linux,gtk,gestures
python,javascript,css,flask
android,ios,flutter,webrtc,live-streaming,srs
azure,cms,sass,ecommerce,c-sharp,liquid,core,shop,smartstore,bootstrap-4,pagebuilder,autofac
deep-learning,pytorch,nlp,transformer,attention,embeddings,word2vec,cnn,tutorials,nlp-papers
compression,ntfs,wof,wofcompresseddata,ntdll,rtlcompressbuffer
golang,go,proxy,encryption
java,api,gui,library,minecraft,minecraft-mod,2b2t,utility-mod,fabricmc-mod,gamesense-client,forge,forge-mod,minecraft-forge-mod,fabricmc,fabric-mod,fabric,minecraft-gui,minecraft-forge
kafka,mqtt,heroku,salesforce
aws,serverless,monitoring,metrics,logs
nlp,open-source,dataset,korean
markdown,commonmark,text-editor
python,linux,tcp,network
sass,11ty,eleventy,eleventy-template
react,typescript,npm-package,rollup
tensorflow,keras,telegram-bot
android,demo,mvvm-architecture,compose,coroutines,navigation,hilt-android,password,sample,bottomnavigationview,android-application,coroutines-flow,multimodule,jepackcompose,declarative-ui,daggerhilt,composeanimation,lazygrid,jetpackdatastore
javascript,hacktoberfest,hacktoberfest2020,css,html,html5,web,website,first-timers,contributions-welcome,contributing
artificial-intelligence,attention-mechanism,attention,self-attention,image-classification
python,react,javascript,hacktoberfest,vue,angular,django,webpack,static,loader,webpack-configuration
instance-segmentation,detectron2,anime-segmenter
hacktoberfest,haskell,lens,prisms
reverse-engineering,dark-mode,analyzer,disassembler,mathematical-evaluator,pattern-highlighting,data-processor
javascript,productivity,chrome-extension,editor,video,design,camera,audio,recorder,annotation,annotation-tool,screen-recorder,screen-capture
python,deep-learning,pytorch,machine-learning,nlp,tensorflow,awesome,awesome-list,data-science,data-visualization,keras,scikit-learn,best-of
python,javascript,nodejs,html,pentesting,pentest,osint,social-media,profile,information-gathering,reconnaissance,analyzer,social-analyzer,person-profile,username
golang,go,ios,macos,apple,mac,webkit,objective-c,objc-runtime,native-apps,bridge
deep-learning,machine-learning,ai,movie-poster,art-portraits,portraits
golang,go,high-performance
react,vue,angular,frontend,deployment,gatsby,deployment-automation,jamstack,deploy,getmeli,meli,webdev,hosting
hacktoberfest,devops,bash,bash-script,ebook,100daysofcode
javascript,frontend,web,interview-questions,interview-preparation,challenges
awesome-list,list,css3,resources,lists,awesome-lists,fontend
diff,visual,testing-tool,odiff
security,aws,sql,azure,gcp,cspm,monitor,cis,cloud-computing,cloudtrail,well-architected
proxy,mitmproxy,mitm,socks5-proxy
kubernetes,linux,docker,k8s,penetration-testing-tools,hacktools,penetration,k8s-penetration-toolkit
javascript,webgl,map,procedural-gl-js
react,vue,angular,compiler,svelte,jsx,visual,liquid,shopify,figma,no-code
serverless,self-hosted,shorten-urls,bitly,tinyurl,github-page,urlshortener,shortener
security,bugbounty,osint,recon
security,hacking,redteam
machine-learning,data-science,mlops,devops-tools,production-ready,zenml
deep-learning,machine-learning,robotics,slam,3d-reconstruction
javascript,css,html,html5,boilerplate,template,js,css3
python,docker,bot,discord,telegram,amd,rtx3080,raspberrypi,rtx3070,nvidia,xbox
monitoring,open-source,observability,metrics,logs,tracing
kubernetes,aws,eks
pytorch,nlp,visualization,natural-language-processing,language-models
android,java,html5,apk,chinese,ehviewer,screenshot,e-hentai,cartoon,comics
css,boilerplate,minimalist,dark-color-theme
python3,nlp,tensorflow
python,deep-learning,pytorch,speech-recognition,asr,fastai,rnn-transducer
golang,go,cli,copy-paste,clipboard
pytorch,graph-neural-networks,automl,pytorch-geometric,hyper-parameter-optimization
spring-boot,spring,springboot,spring-mvc
python,javascript,go,linux,html,c
deep-learning,pytorch,deep-neural-networks,neural-networks
pytorch,transformer,speech-recognition,asr,production-ready,automatic-speech-recognition
deep-learning,machine-learning,graph-neural-networks,jax
3d,3d-engine,cube,raymarching,dna,molecular-biology,piperine,chemical-reaction-networks
deep-learning,artificial-intelligence,generative-adversarial-network
deep-learning,pytorch,tensorflow,reinforcement-learning,auto,optimization,tvm,autosearch
data,data-engineering,engineering
flutter,dart,firebase
python,serverless,qrcode,ultrasound,sound-library
ethical-hacking,network-programming,pentesting-tools,tcp-ip,packet-sniffer
golang,go,bigdata,clickhouse
swift,macos,bigsur
windows,redteam,cheatsheet,exploitation,blueteam,commands
android,android-library,design-patterns,material-design,bottomsheet,material,kotlin-library,bottomsheet-dialog,android-bottomsheet,bottomsheetdialog,calendar-sheet,color-sheet
kubernetes,microservices,cloudnative
python,async,requests
reverse-engineering,game,ghidra,playstation,decompile,psx
reactjs,postgresql,django,docker-compose,react-router,nginx,react-redux,django-rest-framework
kubernetes,terminal,gui,tools,console,mouse,management,lazy
javascript,typescript,concurrency,parallel-computing,promise,web-worker,webworker,communication,worker,postmate,postmessage
swift,macos,swiftui,xcode,combine
cigi,jsbsim,aerial-imagery,rendering-engine
logging,stm32f103,spi
security-tools,scanner,detection,brute-force,poc,exploit,hacktools,mysqlscan,smbscan,bannerscan,portscan
markdown,mindmap,opml,mind,latex,outline
among-us,amongus,server,javascript-library,region-server
javascript,typescript,nodejs,clean-architecture,architecture,design-patterns,best-practices,nestjs,system-design,typeorm,domain-driven-design,hexagonal-architecture
deep-learning,machine-learning,artificial-intelligence
paper,pdf,shell,unix
java,functional-programming,formal-proofs,lambda-calculus
serverless,dart,dartlang,faas-framework,flutter-full-stack,functions-as-a-service
golang,malware,malware-research,malware-development,golang-library
react,widget,navigation
vercel,nextjs-starter,supabase,stripe-checkout,stripe-customer-portal
css,tailwind,ui-components,ui-design,design-patterns,tailwind-css,design-system,ui-library,ui-kit,postcss
javascript,typescript,ui,ui-components,ui-design,less,components-library,rabbit-ui
data-security,zero-trust,database-systems
react,nodejs,mysql,mongodb,angular,element-plus,sqlite3
java,markdown,community,bbs,forum,sns,developers
cryptography,encryption,backup,backup-utility
typescript,vue3,bootstrap,vue-router,vuex,axios
rust,graphics,rendering,3d-graphics,path-tracing,global-illumination
markdown,electron,note-taking,tabs,desktop,offline
self-hosted,static-site,shorten-urls,bitly
security,privacy,privacy-protection,privacy-tools,privacy-online,security-hardening,anonymity
php,laravel,debug
webpack,parcel,rollup,bundle-size
pytorch,generative-adversarial-network,text-generation,variational-autoencoder,encoder-decoder,sequence-to-sequence
laravel,open-source,laravel-package,laravel-framework
swift,swiftui,coredata,nspredicate
robotics,slam,iros2020
mongodb,postgresql,vercel,blog,sqlite,comment,leancloud,cloudbase,valine
machine-learning,ai,embeddings,datasets,graphs,ml
aws,nextjs,s3,aws-cdk
python,gui,pentest,osint,email,opensource,security-tools,cybersecurity,data,password,data-security,blueteam,data-breach
flutter,dart,flutter-package,flutter-widget,flutter-ui,timeline
deep-learning,machine-learning,deep-neural-networks,paper,gans,deepfakes
php,laravel,artisan-gui
javascript,github,chrome,chrome-extension,github-api,portfolio,leetcode
vue,vue3,components,vue2,interop
security,python3,automation,hacking,tools,security-tools,security-audit,hack,soar,w5
ios,swift,swiftui,apple,card,slide
action-recognition,video-understanding,temporal-action-detection,cvpr2019,bmn
machine-learning,data-science,jupyter-notebook,mlops
python,bot,gui,free,udemy-course,udemy,coupons,software,udemy-enroller,coupon-scraper,exe
xray,websocket,xtls
boilerplate,dotnet,clean-architecture,aspnetcore,net5,clean-code
rstats,r,rmarkdown-template
monitoring,cloudflare-workers,flareact,wrangler
machinelearning,project,guide
deep-learning,nlp,transformers,attention,jax,flax
android,kotlin,fragment,skydoves,intent,activity,bundler,kotlin-extensions,bundle
deep-learning,pytorch,machine-learning
hacking,pentesting,bugbounty,fuzzing,wordlist
java,spring-boot,bigdata,flink,flink-boot
ios,awesome,awesome-list,widget,ios14,scriptable,scriptable-app
penetration-testing,ethical-hacking,network-programming,arp-spoofing,socket-programming,arp-poisoning
machine-learning,deeplearning,self-supervised-learning,representation-learning,protein-folding,graph-networks,ppi
github,github-api,openapi,nbdev,api-client
linux,debian,ubuntu,unixporn,grub2-theme,archcraft
jetpack-compose,compose,kotlin-android,jetpack-android,jetpack
security,open-source,osquery,endpoint-manager,endpoint-monitoring,device-management
golang,framework,microservice
cli,npm,package-manager,pnpm
python,machine-learning,visualization,jupyter,annotation,bokeh,data-annotation
bert,keras,ccf,top1
ios,swift,best-practices,coredata
security,awesome-list,devops,tools,roadmap
computer-vision,real-time,tensorrt
deep-learning,pytorch,text-generation,recommender-system,conversational-recommendation,pretrained-models,graph-neural-network
kubernetes,docker,containers,k8s,streaming,youtube,cloud-native,education
vue,ui,components,design-system,storybook
windows,csharp,dotnet,uwp,winui,whitenoise
typescript,vue3,component,drag,draggable
paper,numpy,opencv-python,aruco-markers
xray,vless,xtls
testing,pupeteer,cdp,e2e
python,security,php,js,penetration-testing,hack,pentest-tool
react,pytorch,computer-vision,aws,serverless,gan,deployment,netlify,style-transfer,aws-lambda,serverless-framework,cartoonify,machine-learning-production
vue,vuejs,web-worker,webworker
python,automation,yaml,robot,robocorp,rpa,rcc,robots
deep-learning,bert,vision-transformer,bert-model,transformer-interpretability
apple,arm,architecture,rosetta
golang,go,redis,grafana,prometheus,cobra,postgres,apache-kafka,k6
neovim,neovim-plugin,lua,color-scheme
xray,vless,xtls
linux,docker,yum,ap-t,install,apt-get
filter,draw,mosaic,image-sticker
golang,pdf,pdf-generation,image,png
stream-processing,scala,forecasting,markov-models
typescript,node,ddd,prisma
flutter,dart,clean-architecture,sample,todo,test
c,svg,graphics,canvas,vector,plutovg
database,database-anonymizer,fake-data
kubernetes,observability,k8s
kotlin-android,fragment,singleactivityapp,jetpack-navigation
javascript,api,framework,http,node,server,expressjs,http-server,router,middleware,webserver
python,machine-learning,kubernetes,docker,data-science,framework,devops,gitops,mlops,pipeline,continuous-deployment,batch
miniprogram,weixin-app,weixin,wechat-mini-program
ui,ner,spacy-nlp
javascript,ios,widget,ios14,scriptable,ios14-widget
android,ios,visualization,antv
rust,cli,aws,database,command-line-tool,command-line,nosql,export,dynamodb,backup,dynamodb-admin
android,kotlin,library,kotlin-android,android-library,resources,color,strings,kotlin-library
flutter,dart,flutter-package,canvas
reactjs,profile,static-site-generator,netlify,resume,yaml,resume-creator
openapi,elixir,code-generation
javascript,js,wasm,retro
react,serverless,ssr,react-router
android,java,chinese,ehviewer,e-hentai,android-app
webassembly,virtual-machine,actor-model,native,erlang
unity,urp,shader,cartoon,urpstylizedlit
kubernetes,cheatsheet,kubectl,snippets,cheatsheets
arm,stm32,usb,stm32f103,gcc,stm32f103c8t6,usb-cdc
vue,ssr,cloudflare,cloudflare-workers,edge,vite,workers
minecraft,minecraft-mod,utility-mod
golang,server-side-rendering,websockets,diff,virtual-dom,liveview,live-view
golang,vulnerability,fortigate
linux,php,mysql,mariadb,xampp
react,typescript,reactjs,tensorflow,hooks,tensorflowjs
rust,language,compiler,programming-language,scripting-language,koto
visualization,politics,r,dataviz
machine-learning,speech-recognition,text-to-speech,chatbot,alan-studio,power-apps,pcf,microsoft-power-apps
angular,graph,directed-acyclic-graph
react,nextjs,headless,wordpress
python,security,hacking,pentesting,pentest,penetration-testing,scanner,bug-bounty,scanner-web,dirbuster,appsec
cli,copy-paste,gitlab,snippets
pentesting,ctf,ctf-tools,penetration-testing-tools,hacking-tools,encryption-decryption,encoder-decoder,pentest-tools,cracking-hashes
python,security,hacking,google,crawler,sql-injection
aws,serverless,dynamodb,aws-cdk
react,javascript,typescript,vue,nodejs,awesome,awesome-list,angular,gatsby,frontendmasters,d3
redteam,cobaltstrike,cobaltstrike-cna,redteam-tools
security,pentesting,pentest,penetration-testing,ctf,security-tools,ctf-tools,penetration-testing-tools,pentest-tool,jwt,pentesting-tools,websecurity,jwt-cracker,jku
android,video-player,exoplayer
css,scss,less
react,nodejs,nextjs,middleware,next
golang,go,json,diff,json-patch
api,sdk,usb,gamepad,playstation,bluetooth
deep-learning,artificial-intelligence,self-supervised-learning
data-science,data-analysis,pipeline,julia,julia-language
flutter,dart,interview-questions
python,jupyter-notebook,numpy,matplotlib,qiskit-aqua,qiskit,qiskit-practice,quantum
pytorch,tvm,quantization
python,language,scraping,language-learning,podcast,requests,learn-chinese,learn-spanish,course,learn,download,jpod101,japanese-language,chinese-language,beautifulsoup,japanesepod101,spanish-language,japanese,japanesepod,learn-japanese
go,ios,flutter,dart,grpc,flutter-app
php,http,php7,http-client,streams,web-api
javascript,machine-learning,nlp,search
javascript,webgl,shaders
php,laravel,debug
among-us,amongus,protocol,decompile
ios,react-native,uimenu
android,offline,foss,assistant,mycroft
ios,macos,frida,xnu
react,reactjs,localstorage,speechly,contextapi
flutter,ui,uikit,social-media,firebase,social,social-network,flutter-examples,socialmedia,flutter-apps
kubernetes,helm,gitops
typescript,functional-programming,matching,typescript-pattern-matching
database,sql,data-visualization
twitch,streaming,recovery,recover-files,stream,twitchtv,recovering-data
language,data-structures,lisp,interpreter
python,bot,chrome,udemy-course,udemy
javascript,typescript,messaging,svelte,vscode-extension
react,typescript,nextjs,static-site-generator,nextjs-starter,nextjs-blog,nextjs-serverless,image-optimization,blogging,ghost-blog
deep-learning,pytorch,machine-learning,action-recognition
webgl,threejs,glsl,webgl2
python,api,proxy,stories,instagram,instagram-bot,ig-private-api
data-visualization,postgresql,grafana,data-analysis,airflow,data-quality-monitoring,data-monitoring,data-quality
api,graphql,deno,analytics,aleph
utility,macos-app,disk,volume
go,telegram,mtproto,tdlib
sql,data-visualization,django
pytorch,gui,video-interpolation,ncnn,rife
python,deep-learning,nlp,natural-language-processing,sentiment-analysis
deep-learning,tensorflow,deep-neural-networks,tensorflow2,curriculum
plugin,cobaltstrike,cobalt-strike,aggressor-scripts,aggressorscript
kotlin,mvvm-architecture,coroutines,mvvm,coroutines-android,mvvm-android,coroutines-flow,singleactivityapp,datastore,paging3,retrofit2,room-persistence-library,room,motionlayout,room-database,paging
react,javascript,reactjs,theme,localstorage,styled-components,theming
vulkan,video-interpolation,gpu,ncnn,rife
react,typescript,reactjs,nextjs,jest,starter-template,nextjs-starter,react-testing-library
react,typescript,algorithms,programming,dsa,datastructures-algorithms,placement
serverless,demo,deployment,vercel,azure,cloudflare,netlify
hacktoberfest,nodejs,hacktoberfest2020,serverless,node,node-js,express,profile-readme,readme-generator,dynamic
rust,rust-lang,gtk,filesystem,screenshot,cpu,mem,gtk3,conky
pwa,json-formatter,json-editor
redis,dubbo,envoyproxy,thrift,servicemesh
rust,proxy,async,cryptography,tunnel
vim,theme,color-scheme,colorscheme,vim-colors,vim-colorscheme,syntax-theme
vue,mysql,spring-boot
netease,auto,checkin,cloudgame,autocheckin
react,react-native,expo,tabs
sdk,ipfs,storage,textile,gundb
javascript,android,ios,react-native,expo,es6
docker,ctf,ctf-tools,penetration-testing-tools,minimal,penetration
genshin-impact,images,genshin,characters,mihoyo
golang,go,best-practices
react,webgl,animation,glsl,transition-animation
windows,gamedev,game-engine,game-development,game,image-processing,application,visual-studio,opengl,win32,logitech-gaming,openal,xinput,winapi,application-framework,graphics-engine,openal-soft,win32-cpp
python3,csharp,dotnet,redteam,post-exploitation,red-teams
ios,swift,xcode,sdk,core,ui-interaction,cocoapods
golang,go,crawler,spider,extractor,waybackurls,galer
rust,terminal,tui,paging-library
blog,hugo,blog-theme,hugo-theme
golang,kubernetes,devops,helm,gitops,deployment-automation,deploy,devops-tools,yml
template,codelabs,appsec,velocity,freemarker
pytorch,attention-mechanism,tts,text-to-speech,speech-synthesis
mongodb,spring-boot,jwt,oauth2,spring-security
vue,html,vue3,vuejs,easy-to-use,babel
javascript,vue,html,html5,template,es6,dom
cryptography,encryption,decryption
react,animation,tailwind-css,react-spring,bottomsheet,overlay,popup,dialog,drag-drop,sheet
compression,ntfs,wof,wofcompresseddata,ntdll,rtlcompressbuffer
raspberry-pi,cm4,kicad
java,api,gui,library,minecraft,minecraft-mod,2b2t,utility-mod,fabricmc-mod,gamesense-client,forge,forge-mod,minecraft-forge-mod,fabricmc,fabric-mod,fabric,minecraft-gui,minecraft-forge
swift,static-analysis,objective-c,sonarqube-ios,infer,sonarqube-ob,lizard
proxy,amongus,game,il2cpp,menu,internal
productivity,agile,tdd,solo,manifesto
android,demo,mvvm-architecture,compose,coroutines,navigation,hilt-android,password,sample,bottomnavigationview,android-application,coroutines-flow,multimodule,jepackcompose,declarative-ui,daggerhilt,composeanimation,lazygrid,jetpackdatastore
android,computer-vision,opencv,android-application,document-scanner,doc-scanner
php,laravel,laravel-package,livewire
rust,postgresql,rust-lang,postgres,olap
jetpack-compose,architecture,flow,datastore,jetpack-navigation
android,benchmark,energy,cpu
dataset,inference,bert-model,emotion-recognition,roberta,emotion-cause-pair-extraction,natural-language-inference,emotion-recognition-in-conversation,reasoning,causal-spans,conversations,causal-inference,causality,emotion,emotion-tasks,emotion-cause,causal-models,dialogue-systems,dialogue-generation
android,kotlin,android-security,codelabs,jetpack,android-platform,android-things,android-apps,chrome-os,wear-os,learn-android
arduino,embedded,stm32,j2534,car-hacking,socketcan,canfd,canutils
pytorch,machine-learning,dataset,neural-networks,research
javascript,typescript,nodejs,node,nestjs
kafka,microservices,aspnetcore
nlp,transformers,transformer,translation,indic-languages,malayalam
nlp,paper,datasets,text-summarization,summary
typescript,hugo,wayland,kde,gnome
java,minecraft,2b2t,anarchy
hiccup,d3js,charts
python,nodejs,docker,mongodb,grpc,ruby,microservice,proxy-server,microservice-demo
golang,docker,framework,docker-compose
bot,heart,tiktokbot,tiktok-follow
golang,go,kubernetes,kubectl
sorting-algorithms,cxx,partial-sort
http,https,mitmproxy,mitm,https-proxy,http-proxy
plugin,tabs,desktop-app,breadcrumbs
scss,node-js,webrtc,socket-io
deployment,heroku,digitalocean,phoenix
chinese,tts,speech
malware,cybersecurity,malware-research,threat-hunting,infosec,virustotal,malware-detection,threat-intelligence,malware-analysis,advanced-persistent-threat-data
go,http,grpc,microservice,ego
haskell,tui,typing-practice,websockets
typescript,framework,easy-to-use,egret,cocos-creator,pixijs
javascript,hacktoberfest,framework,http,deno,server,router,middleware,cookies
python,machine-learning,tensorflow,data-science,data-visualization,opencv,keras,scikit-learn,keras-tensorflow,matplotlib,machine-learning-algorithms,pandas
rust,ethereum,defi
unity,urp,lighting
opencore,hackintosh,bigsur
typescript,cli,automation,json,email,easy-to-use,npm,headless,smtp
json,unicode,ascii
language,arduino,virtual-machine
docker,database,mysql,mongodb,postgres
typescript,ios,widget,scriptable,vscode,jsx,ios-widget
web,json,http-server,scala,cache,tls,http-client
react,reactjs,css,gatsby,font,web-fonts
css,tailwindcss,tailwind,dark-theme,dark-mode
golang,project-management,kanban-board
react,typescript,redux,antd,redux-toolkit,todolist
deep-learning,pytorch,computer-vision,gan,generative-adversarial-network,image-processing,image-generation,colorization
graphql,angular,spring-boot,spring,headless,ecommerce,mybatis-plus
xray,vmess,shadowsocks,vless,trojan,fileserver,caddy
tui,typing-practice,typing,touch-typing,ascii
typescript,tailwindcss,vuejs,vuejs3
ios,macos,xamarin,catalyst
javascript,functional-programming,algebraic-effects,effects
android,camera,canhub
notes,note-taking,labeling-tool,note-taking-app
datasette-plugin,codesearch,ripgrep
react,typescript,reactjs,state-management,immer,immutable
pytorch,vehicle,codebase
python,javascript,nodejs,html,pentesting,pentest,osint,social-media,profile,information-gathering,reconnaissance,analyzer,social-analyzer,person-profile,username
machine-learning,computer-vision,real-time,matting
react,snackbar,toast-notifications,notifications
cpp,gamedev,game-engine,game-development,c-sharp,flax,engine
react,vue,angular,frontend,deployment,gatsby,deployment-automation,jamstack,deploy,getmeli,meli,webdev,hosting
deep-learning,machine-learning,computer-vision,artificial-intelligence,deep-neural-networks,ai,list,paper,deeplearning,2020,machinelearning,paper-references,papers,artificialintelligence
redis,cpp17,nosql,high-performance,kvstore,kv
gcp,googlecloudplatform,sketchnotes
swiftui,macos-app,ios-app,content-blocker,swiftui-example
react,golang,go,docker,ssh,antd
bot,ibkr,trading-bot,get-rich-slowly
machine-learning,api,data-science,deployment,fastapi,inference,mlops
typescript,webgl,webgl2,3d-engine,engine3d
aws,language,algorithms,google,data-structures,algorithms-and-data-structures,placements,datastructures-algorithms,interview,amazon,placement,technical-interviews,datastructures,faang-interview
aws,devops,terraform
python,python3,interview-questions,interview-preparation,gayle-laakmann-mcdowell
deep-learning,pytorch,machine-learning,tensorflow,template,streamlit,pytorch-lightning,scikit-learn,webapp,website,sklearn
csharp,dotnet,mvvm,wpf,steam
tailwindcss,template,tailwind,uikit,components,ui-components,tailwind-css,templates,kit,component-library,tailwindui
css,tailwindcss,tailwind
python,deep-learning,pytorch,attention-mechanism,attention,jupyter,self-attention,pytorch-implementation,gat-tutorial
api,translation,translate
rust,vue,automation,productivity,vuejs,privacy,messaging,self-hosted,analytics,cloud,calendar,chat,inbox
golang,go,ssh,brute-force,bruteforce,ssh-client
python,golang,linux,monitoring,observability,performance,ruby,find-bottlenecks
hacking,pentest,bugbounty,scanner,recon,cms,vulnerabilities,xss,raspberry,subdomain
pytorch,real-time,instance-segmentation
pytorch,graph-neural-networks,automl,pytorch-geometric,hyper-parameter-optimization
linux,proton,play-games
swift,macos,swiftui,xcode,app
dns-client,dns,doh
messaging,mobile-app,secure-messenger,android-app
csharp,dotnet,design,architecture,design-patterns,dotnet5
react,nextjs,serverless,vercel
ios,macos,language,xcode,translation,macos-app,tvos,watchos,strings,internationalization
serverless,database,sql,wasm,cloudflare,cloudflare-workers,sqlite3
deep-learning,pytorch,self-attention,time-series,forecasting
deep-learning,machine-learning,nodejs,tensorflow,mongodb,kafka,streaming,tensorflowjs
svg,graph,mvvm
css,tailwindcss,vuejs,svelte
pytorch,machine-learning,super-resolution
javascript,ios,macos,web,gtk,webkit
typesense-instantsearch-adapter,typesense,typesense-showcase,instantsearch
images,media,photos,storage
deep-learning,object-detection,tensorrt,onnx,detectron2,centerx,caffe
redteam,bypassav,shellcode
swiftui,uikit,xcode,previews
websocket,telegram-bot,magnet
javascript,css,html
security,laravel,performance,static-analysis,audit
android,kotlin,coroutines,skydoves,mvvm,jetpack-android,hilt,pokemon,pokedex
python3,compiler,programming-language
vue,vuejs,cms,nuxtjs,notion-blog,nuxt,notion-database
linux,tailwind,blog,hugo,landing
ssr,xray,vmess,shadowsocks,vless,v2ray,ss,pac
react,javascript,graphql,github,github-api,2020,year,tweets,stats,lookback
vpn,lantern,fanqiang,vpn-server,expressvpn,vpn-client
typescript,angular,snackbar,toast-notifications,angular-library
awesome,list,privacy,messaging,google,microsoft,alternatives,apps,amazon,facebook
api,laravel-package,generator,collection
react,nextjs,tailwind,tailwind-css,ionic-framework
java,markdown,community,bbs,forum,sns,developers
grpc,springboot,rpc,dubbo,nacos,springcloud,thrift,tcc
react,js,babel
deep-learning,pytorch,3d,detection,self-supervised-learning,research,segmentation,flexible,classification
python,machine-learning,nlp,ai
github,template,free,profile,stars,card,readme,dev,cards-stars,gratis,repository
react,open-source,django,video,self-hosted,rest-api,cms,audio,media,video-sharing
docker,python3,github-actions,checkin,scf,sign
golang,cli,oauth2
python,python3,debugging
neural-network,opencv,music,sklearn,omr
cpp,word2vec,cbow
python,cli,command-line-tool,color-scheme,colors
graph,bigdata,gremlin
html5,boilerplate,css3,responsive,starter-template,minimal,responsive-design,starter-kit,starter-project
ios,messaging,mobile-app,secure-messenger
deep-learning,machine-learning,keras-tensorflow
cli,time-tracking,fileformat
amongus,mod,sheriff,impostor
typescript,vue3,composition-api,sass,vue-element-admin,vuex4,element-plus,echats,vue-router-next
nlp,transformer,text-generation,chinese
android,frida,anti-anti-frida
deep-learning,artificial-intelligence,attention-mechanism,protein-folding
android,java,kotlin,kotlin-android,jetpack-android,android-development
deep-learning,machine-learning,artificial-intelligence,data-science,ai,object-detection,pose-estimation,baseball
python,automation,hacking,pentesting,penetration-testing,hacking-tool,bruteforce,scanner-web,nmap,dirsearch,dirbuster,wordlist
python3,threat-hunting,incident-response,apt-attacks,forensic-analysis
ios,macos,vulnerabilities,kernel,exploitation,xnu
programming-language,music-composition,tonejs,procedural-programming-language,handel
swift,swiftui,markdown,commonmark
automation,pentest,vulnerability,poc,xss
golang,go,cli,git
deep-learning,machine-learning,awesome,awesome-list,neural-network,numpy,jax,autograd
awesome,awesome-list,career,badges
vue,java,mysql,sql,element-ui
android,library,customview,speedometer
swift,awesome,swiftui,combine
typescript,nodejs,automation
gtk,korean,qt,wayland,x11,ime
rust,high-performance,parser
home-assistant,miot,switch,sensor
kotlin,fragment,activity
gamedev,game-engine,game-development,ecs
go,email,smtp,validation
css,scss,ui-design,windows-7
neovim,neovim-plugin,lua,nvim,neovim-lua,statusline
html5,css3,website-design,landing-page
swift,data-science,json
react,javascript,typescript,reactjs,hooks,hook,react-hooks,react-stepper,react-use-wizard,react-wizard
deep-learning,artificial-intelligence,attention-mechanism,point-cloud
machine-learning,notebook,gpu,ml
ios,macos,editor,shader,textures,metal
rstats,politics,map,dataviz,bubble-chart
transformers,transformer,attention,graph-neural-networks
emacs,dark-theme,common-lisp,minimalist,emacs-lisp,paredit,emacs-initialization
golang,kubernetes,kubernetes-webhook,mutating-webhook
cpp,language,lisp,interpreter
gan,generative-adversarial-network,image-generation,variational-autoencoder,loss,autoencoder,generative-models,loss-function,generic
react,reactjs,tailwindcss,boilerplate,tailwind,webpack,boilerplate-template
web,ssr,dom
python,discord,discord-api,discord-slash-commands
javascript,deep-learning,nodejs,computer-vision,tensorflow,tensorflow2,tfjs,image-restoration,madewithtfjs
kotlin-multiplatform,kotlin-js,kotlin-ios
python,python3,tool,package,developer-tools,release,ship,pypi,wizard
python,api,python3,framework,web,sql,async,fastapi,rest,asyncio,code-generation,crud,swagger-ui
deep-learning,nlp,transformer,bert
javascript,kubernetes,retrogames,crd-controller
dart,testing,mock,mocking
python,data-science,visualization,twitch,community
awesome,awesome-list,lists,collection,best-of
xamarin,xamarin-forms,material
security,kubernetes,docker,aws,automation,security-tools,azure,containers,gcp,security-audit,infosec,eks,gke,aks,informationsecurity
android,kotlin,animation,horizontal,progressview,customview
chrome-extension,twitch,extension,adblock,block,ads,ublock,aderaser,adblocker
react,tailwindcss,template,animation,portfolio,framer-motion
mqtt,home-assistant,desktop,service
deep-learning,computer-vision,artificial-intelligence,deep-neural-networks,paper,research,paper-references,cv,computer-graphics,papers,neurips-2020,nips-2020,eccv
sql,stream-processing,flink
deep-learning,machine-learning,tensorflow,data-science,neural-network,algorithms,deeplearning,data-analysis,notes,statistics,hyperparameter-optimization,summary,cnn,backpropagation
golang,go,terminal,typing
react,javascript,typescript,vue
python,hacking,bugbounty,recon,hacking-tool
golang,hacking,cve,tool,recon,hacking-tool,wordpress,wordpress-security,vuln-scan,wordpress-theme,wordpress-plugin
docker,aws,serverless,aws-lambda,lambda
react,react-native,gestures,animations
p2p,hyperdrive,hyperbee
react,nodejs,reactjs,expressjs,bootstrap,express,mern-stack
windows,debugging,kernel,live-coding,lld
deep-neural-networks,object-detection,instance-segmentation,mmdetection
python,api,fastapi
rust,language,compiler,programming-language,scripting-language,koto
visualization,3d,chemical
react,nodejs,docker,mongodb,boilerplate,uikit,docker-compose,oauth,express,nginx,react-hooks
golang,copy-paste,clipboard,curl
github,github-api,git,2020,twitter,streamlit,developer,year,streamlit-webapp
pytorch,computer-vision,python3,numpy
deep-learning,pytorch,covid-19,medical-image-analysis,radiography
awesome,terminal,command-line-tool,vim,shell,clipboard,like,zsh,oh-my-zsh,zinit,vi-keybinds
deep-learning,attention-mechanism,pytorch-implementation,ocr
java,macos,apple-silicon,arm64,aarch64,maven
friendlyarm,nanopi-r4s,r4s
automation,web,testing,deno,puppeteer
react,threejs,shaders,react-three-fiber
netty,spring,rpc
golang,go,apple,virtualization
nodejs,monitoring,real-time,monitoring-tool
python,react,raspberry-pi,audio-processing,microphone,music-visualizer
privacy,privacy-protection,privacy-tools
security,stack,stack-strategies
typescript,react-native,electron,redux-toolkit,cross-platform,jest,react-native-web,i18next,deep-linking,flipper,webpack-5,ui-themes,react-navigation-v5
grpc,cloudflare,tunnel,sip003
neovim-plugin,neovim-lua,neovim-lsp,fzf
neovim-plugin,neovim-lua,neovim-lsp,fzf
deep-learning,computer-vision,artificial-intelligence,tensorflow,robotics,reinforcement-learning,openai-gym,vision,pick-and-place
go,awesome,aws,stars,lambda
golang,cli,terminal,command-line-tool,utility,wifi,qrcode,cli-app,qrcode-generator,wifi-password,cli-tool,qr-generator
vue,vue3,hooks,audio,composition-api,sound
swift,swiftui,framework,components,component,components-library
android,android-library,progressview,custom-view
javascript,python3,automation,html5,chrome,chrome-extension,opensource,recorder,scraper,selenium-webdriver,selenium-python,selenium,chromedriver,web-scraping
computer-vision,object-detection,coco-dataset
typesense-instantsearch-adapter,typesense,typesense-showcase,instantsearch
java,spring-boot,wechat-app
linux,monitoring,observability,tool,tcp,socket,bpf
golang,go,testing,golang-package,golden
python,machine-learning,artificial-intelligence,data-science,windows,gui,analytics,application,desktop-app
shell,tui,neofetch
flutter,ui,uikit,social-media,firebase,social,social-network,flutter-examples,socialmedia,flutter-apps
php,automation,proxy,osint,scraping,curl,xampp,osint-tool,algorithm-schema,grawler
javascript,api,monitoring,graphql,metrics,schemas
ctf,cve,exploit,rce,gitlab,lfi,cve-2018-19585,gitlab-rce
python,cli,fontforge,typography
android,crash-reporting,exception-handling
list,plugin,svelte,component
monitoring,metrics,dashboard
chrome-extension,copy-paste,edge-extension
python,data-science,observability,airflow,data-quality-monitoring,data-monitoring,data-quality,data-engineering,data-unit-tests,dataquality,data-pipeline-monitoring
neovim,plugin,nvim,statusline
roslyn,dependency-injection,singleton-service
android,ui,inspector,viewinspector,uinspector
flutter,editor,flutter-package,dartlang,quill-delta,wysiwyg-editor,rich-text
golang,go,concurrency,goroutine,channels
visualization,color,color-scales,color-gradient
deep-learning,object-detection,copy-paste,instance-segmentation,data-augmentation
aws,terminal,ecs,golang-application
typescript,nodejs,graphql
swift,macos,swiftui
deep-learning,artificial-intelligence,attention-mechanism,transformer
react-native,react-native-web,react-native-macos
open-source,bugbounty,osint,bug-bounty,information-gathering,osint-tool,information-gathering-tools,information-retrieval,bugreport
wpf,ocr,window-10
rtsp,websocket-flv,http-flv,rtp
among-us,mod,bepinex
parallel,gpu,cuda,julia,stencil-codes,multi-xpu
netty,gateway,nacos
golang,peer-to-peer,ipfs
game-engine,game-development,clojure,lisp,jmonkeyengine3
javascript,css,html,frontend,library,responsive,filter,layout,javascript-library,responsive-design,dependency-free
kubernetes,k8s,jackett,radarr,mediaserver
python,scraping,twitter,scraper,selenium-webdriver,tweets,followers,following
kotlin,viewbinding,base
vue,design,vue2,vue-admin,quasar,quasar-sika-design,quasar-sika,vue-admin-template
debugging,tools,vmware
autonomous-driving,3d-object-detection,single-stage-detector
android,list,privacy,google,microsoft,whatsapp,twitter,instagram,alternatives,apps
react,reactjs,tailwindcss,ui,library,tailwind,uikit
python,python3,database,mongodb,metadata,comicrack,tagger
golang,go,valast,reflect,ast
whatsapp,whatsapp-bot,puppeteer,whatsapp-web,whatsbot
react,websocket,apache-kafka
linux,macos,apple-silicon,arm64,virtualization,qemu,macos-big-sur,vmware
c,websocket,websocket-server
yolov5,yolov3-yolov4-yolov5,maker-classification
vue,kubernetes,helm,rancher-kubernetes-engine,quarkus
data-augmentation,fine-grained-recognition,cutmix
cybersecurity,threat-hunting,incident-response,osquery,dfir
php,symfony,chaos-engineering
tailwindcss,jamstack,11ty,eleventy
typescript,vue,vue3,framework,ui,frontend,components,ui-components,component
javascript,vue,vue3,vue2,dropdown
python,ebook,beginner
deep-learning,nlp,ai,neural-network,graph,speech-recognition,cv,recommender-system
mysql,sql,postgresql,sqlite
deep-learning,pytorch,machine-learning,deep-neural-networks,ai,ipu
nlp,korean,sentences
javascript,bot,utility,music,anime,chatbot,discord-bot,discord-bots
javascript,php,laravel,etl
vue,vuejs,ssr,ssg,horizontal,horizontal-scrolling,nuxtjs,list-layouts
nodejs,reactjs,mongodb,frontend,backend,expressjs
video-understanding,efficient-model,vovnet
emacs,note-taking,org-roam,org-mode
react,javascript,css,ui,ui-design,ui-kit
react,chakra-ui,templates,chakra-templates
bot,discord,discord-bot,discord-slash-commands,discordjs,discord-slash-bot
android,ios,swift,kotlin,swiftui,graphql,jetpack-compose,kotlin-multiplatform,hilt,multiplatform,graphql-client
javascript,nodejs,html,node,node-js,static-site-generator,ssg,hyperscript
csharp,saga,message-bus
machine-learning,aws,reinforcement-learning,reward-functions
netty,serialization,https,filter,http2,haproxy,lightweight,h2c,httpserver,interceptor
home-assistant,xiaomi,miot
cyberpunk2077,cyberpunk,cyberpunk-2077
dataset,inference,bert-model,emotion-recognition,roberta,emotion-cause-pair-extraction,natural-language-inference,emotion-recognition-in-conversation,reasoning,causal-spans,conversations,causal-inference,causality,emotion,emotion-tasks,emotion-cause,causal-models,dialogue-systems,dialogue-generation
python,javascript,machine-learning,java,php,artificial-intelligence,python3,css,data-science,programming-language,bootstrap,iot,project-management,projects,hml
dataset,text-summarization,language-generation
react,typescript,as-prop
python,machine-learning,automl,hyperparameter-optimization,optimization,blackbox-optimization
deep-learning,computer-vision,capsule-network
neovim,terminal,lua,plugin,nvim
pytorch,object-detection,point-cloud,autonomous-driving
python,nerd-fonts,alacritty-config
react-native,app,civic-tech
macos,awesome-list,list,mac,software
golang,go,grafana,cobra,grafana-dashboard
point-cloud,segmentation,completion,lidar-segmentation
linux,windows,opengl,win32,single-header-lib,x11
golang,go,http,lua,http-server,heart
kotlin,compose,kotlin-multiplatform,kotlin-js
rust,reactjs,editor,gamedev,game-development,wasm
deep-learning,pytorch,transformer,vision-transformer
emacs,svg,icons
java,spring,springboot,dubbo,springcloud
golang,linux,cli,containers,redhat,fedora,dependency-manager
docker,xray,nmap,dirsearch,src
pytorch,database,natural-language-processing,semantic-parsing,natural-language-interface
javascript,nodejs,npm,jsx,bundler
markdown,obsidian-plugin,obsidian-md,neo4j
typescript,api,graphql,gateway,graphql-portal
netty,https,http2,haproxy,h2c,httpserver
vue,mysql,http,nsq-client,nsqproxy-nsq-worker
python,api,fastapi,bilibili,asyncio,netease-cloud-music,qrcode-generator
friendlyarm,nanopi-r4s,r4s,nanopi,ctcgfw,project-openwrt
deno,amd,rtx3080,rtx3070,nvidia
deep-learning,python3,deep-neural-networks,tensorflow2,neural-networks,convolutional-neural-networks,recurrent-neural-networks
cli,command-line,cheatsheet,git
android,java,compiler,bootstrap,apk,sdk,vlang
react,javascript,nodejs,robotics,arduino,robot,hexapod
keyboard,handler,hotkey
game,assembly,c64-game
deep-learning,pytorch,computer-vision,gan,generative-adversarial-network,image-processing,image-generation,colorization
arm,ffmpeg,apple-silicon
template,community,bbs,orm,mvc
xray,vmess,shadowsocks,vless,trojan,fileserver,caddy
deep-learning,artificial-intelligence,generative-adversarial-network,nerf
raspberry-pi,editor,game-engine,godot-engine,export-templates
jupyter,notebook,jupyter-notebook,jupyterlab,jupyterlab-extension
virtual-machine,assembly,basm,birtual-machine
javascript,functional-programming,algebraic-effects,effects
linux,shell,customization,work,customize,s4vitar
neovim,neovim-plugin,lua
theme,dark-theme,dark-mode,theme-ui,dark
ios,swift,macos,chrome,firefox,edge,safari,ie
react,typescript,reactjs,nextjs,graphql,mysql,boilerplate,backend,material-ui,dashboard,prisma,apollo-client
2020,ner,ccf
flutter,dart,theme,color-scheme,flutter-package,material-design,colorscheme,package,flutter-widget,flutter-ui,theme-colors,theme-mode
