python,javascript,nodejs,html
machine-learning,computer-vision
game-engine,game-development
react,vue
deep-learning,machine-learning,computer-vision,artificial-intelligence,deep-neural-networks,ai,2020
react,golang,go,docker
machine-learning,api,data-science
language,aws
python,python3
deep-learning,machine-learning,pytorch,template,tensorflow
tailwindcss,tailwind,template,uikit
tailwindcss,css,tailwind
deep-learning,python,pytorch,attention-mechanism
vue,automation,rust,vuejs
golang,go
python,golang,linux
macos,swift,swiftui
react,serverless
macos,ios,language
sql,serverless
deep-learning,pytorch
deep-learning,machine-learning,nodejs,tensorflow,mongodb
tailwindcss,css,vuejs
machine-learning,pytorch
javascript,macos,ios,web
deep-learning,object-detection
swiftui,uikit
javascript,css,html
android,kotlin
python3,programming-language
vue,vuejs
linux,tailwind
computer-vision,object-detection
react,javascript,graphql,2020
react,tailwind
deep-learning,pytorch
python,machine-learning,nlp,ai
python3,docker
golang,cli
python,python3
python,cli
deep-learning,machine-learning
transformer,nlp
deep-learning,artificial-intelligence,attention-mechanism
android,java,kotlin
deep-learning,machine-learning,artificial-intelligence,data-science,object-detection,ai
python,docker
python,automation,hacking
macos,ios
swift,swiftui
golang,go,cli
deep-learning,machine-learning,awesome,neural-network
vue,java,sql
swift,swiftui,awesome
nodejs,typescript,automation
game-engine,game-development
neovim,lua
swift,data-science
react,javascript,typescript,reactjs
deep-learning,artificial-intelligence,attention-mechanism
macos,ios
android,automation
golang,kubernetes
react,tailwindcss,reactjs,tailwind,boilerplate
deep-learning,javascript,nodejs,computer-vision,tensorflow
python,python3
python,python3,api,sql,web
deep-learning,transformer,nlp
javascript,kubernetes
python,data-science
docker,automation,kubernetes,aws
android,kotlin
react,tailwindcss,template
deep-learning,computer-vision,artificial-intelligence,deep-neural-networks
deep-learning,machine-learning,data-science,tensorflow,neural-network
golang,go
react,javascript,typescript,vue
python,hacking
golang,hacking
docker,aws,serverless
react,react-native
react,nodejs,reactjs
object-detection,deep-neural-networks
python,api
rust,language,programming-language
react,nodejs,docker,uikit,boilerplate,mongodb
pytorch,python3,computer-vision
deep-learning,pytorch
deep-learning,attention-mechanism
macos,java
automation,web
golang,go
react,python
typescript,react-native
javascript,nodejs
nodejs,typescript,graphql
macos,swift,swiftui
deep-learning,artificial-intelligence,transformer,attention-mechanism
react,react-native
game-engine,game-development
javascript,css,html
react,tailwindcss,reactjs,tailwind,uikit,ui
python,python3,mongodb
golang,go
macos,linux
vue,kubernetes
typescript,vue,ui
javascript,vue
deep-learning,nlp,ai,neural-network
deep-learning,machine-learning,pytorch,deep-neural-networks,ai
javascript,php,laravel
vue,vuejs
nodejs,reactjs,mongodb
swift,swiftui
react,javascript,css,ui
android,swift,swiftui,ios,kotlin,graphql
javascript,nodejs,html
machine-learning,aws
python,javascript,machine-learning,python3,artificial-intelligence,css,java,data-science,php,programming-language
react,typescript
python,machine-learning
deep-learning,computer-vision
neovim,lua
pytorch,object-detection
golang,go
golang,go,lua
reactjs,rust,game-development
deep-learning,pytorch,transformer
golang,linux,cli
javascript,nodejs
typescript,api,graphql
python,api
deep-learning,python3,deep-neural-networks
android,java
react,javascript,nodejs
deep-learning,pytorch,computer-vision
deep-learning,artificial-intelligence
machine-learning,go
neovim,lua
macos,swift,ios
react,typescript,reactjs,graphql,boilerplate
