python,deep-learning,pytorch,machine-learning,nlp,awesome-list,tensorflow,data-science,data-visualization,awesome
python,javascript,nodejs,html,pentesting,pentest
golang,ios,go,macos,apple
deep-learning,machine-learning
golang,go
react,vue,angular,deployment
security,aws
kubernetes,docker,linux,penetration-testing-tools
javascript,webgl
react,vue,angular
security,hacking,redteam
machine-learning,data-science,mlops
deep-learning,machine-learning
javascript,css,html
python,docker,bot
kubernetes,aws
pytorch,nlp,visualization
android,java,chinese
nlp,tensorflow
python,deep-learning,pytorch
golang,go,cli
python,javascript,go,html,linux
deep-learning,pytorch
deep-learning,machine-learning
deep-learning,artificial-intelligence
deep-learning,pytorch,tensorflow
flutter,dart
python,serverless
golang,go
swift,macos
windows,redteam
reactjs,postgresql
kubernetes,gui,tools
javascript,typescript
swift,macos,swiftui
javascript,typescript,nodejs
deep-learning,machine-learning,artificial-intelligence
dart,serverless
react,widget
javascript,typescript,ui
security,php
react,nodejs,angular,mongodb,mysql
typescript,vue3
rust,awesome
php,laravel
swift,swiftui
mongodb,postgresql
aws,nextjs
python,gui,security-tools,pentest
flutter,dart
deep-learning,machine-learning,paper
php,laravel
javascript,github
vue,vue3
security,hacking,security-tools,automation,tools
ios,swift,swiftui,apple
machine-learning,data-science,mlops
python,bot,gui
ctf-tools,ctf
deep-learning,nlp
android,kotlin
flutter,dart
deep-learning,pytorch,machine-learning
pentesting,hacking
java,spring-boot
ios,awesome-list,widget,awesome
golang,framework,microservice
python,machine-learning,visualization
ios,swift
security,awesome-list,devops,tools
deep-learning,pytorch
kubernetes,docker
vue,ui
typescript,vue3
xray,vless
python,security,php,penetration-testing
react,pytorch,serverless,aws,computer-vision,deployment
python,automation
android,automation
golang,go
xray,vless
docker,linux
typescript,node
flutter,dart
javascript,api,framework,http,node
python,machine-learning,kubernetes,docker,data-science,framework,devops,mlops
javascript,ios,widget
android,ios,visualization
rust,aws,database,cli
android,kotlin
flutter,dart
react,serverless
android,java,chinese
php,linux,mysql
react,typescript,reactjs,tensorflow
rust,language
react,nextjs
python,security,pentesting,hacking,pentest,penetration-testing
pentesting,ctf-tools,ctf,penetration-testing-tools
python,security,hacking
serverless,aws
javascript,react,typescript,vue,nodejs,angular,awesome-list,awesome
security,pentesting,security-tools,pentest,ctf-tools,ctf,penetration-testing-tools,penetration-testing
react,nodejs,nextjs
golang,go,json
deep-learning,artificial-intelligence
flutter,dart
python,language
ios,go,flutter,dart
php,http
javascript,machine-learning,nlp
javascript,webgl
php,laravel
ios,react-native
ios,macos
react,reactjs
flutter,ui
database,data-visualization
python,bot
javascript,typescript
react,typescript,nextjs
deep-learning,pytorch,machine-learning
python,api,proxy
data-visualization,postgresql
api,graphql
pytorch,gui
python,deep-learning,nlp
deep-learning,tensorflow
javascript,react,reactjs
rust,windows
react,typescript,reactjs,nextjs
react,typescript
serverless,deployment
deep-learning,artificial-intelligence
nodejs,serverless,node
rust,proxy
vue,spring-boot,mysql
react,react-native
javascript,android,ios,react-native
docker,ctf-tools,ctf,penetration-testing-tools
golang,go
react,webgl
ios,swift
golang,go
golang,kubernetes,devops
spring-boot,mongodb
vue,html,vue3
javascript,vue,html
java,api,gui
amongus,proxy
android,computer-vision
php,laravel
rust,postgresql
android,kotlin
pytorch,machine-learning
javascript,typescript,nodejs,node
nlp,paper
python,docker,nodejs,mongodb,microservice
golang,docker,framework
golang,go,kubernetes
go,http,microservice
typescript,framework
javascript,framework,http
python,machine-learning,tensorflow,data-science,data-visualization
typescript,cli,json,automation
docker,database,mongodb,mysql
typescript,ios,widget
react,reactjs,css
react,typescript
deep-learning,pytorch,computer-vision
nlp,microservice
angular,spring-boot,graphql
xray,vless
ios,macos
vue,vue3
react,typescript,reactjs
