deep-learning,machine-learning,artificial-intelligence
javascript,linux,vue,macos,electron,windows
python,security,linux
react,nextjs
computer-vision,artificial-intelligence,transformers,attention-mechanism
rust,kubernetes
ios,swift
deep-learning,pytorch,android
python,javascript,java,linux
python,deep-learning,pytorch,computer-vision,machine-learning,tensorflow,3d
deep-learning,computer-vision,artificial-intelligence,attention-mechanism
golang,go
python,javascript,java,c
rust,cli,open-source,cargo
ios14,scriptable
vue,vue3
react,javascript,vue
typescript,electron
react,nextjs
react,tailwindcss,reactjs
linux,cli,macos,terminal,html
hacktoberfest,hacktoberfest2020,golang,go,awesome
deep-learning,artificial-intelligence,transformers,attention-mechanism
android,kotlin,api
ios,ios14,widget,scriptable
linux,macos
hacktoberfest,terminal
deep-learning,pytorch,computer-vision,machine-learning
python,deep-learning,pytorch,transformers,attention-mechanism
widget,scriptable
rust,security
typescript,java
hacktoberfest,rust,hacktoberfest2020
python,deep-learning,pytorch,machine-learning,artificial-intelligence,tensorflow,transformers
kubernetes,monitoring
javascript,js
deep-learning,pytorch
golang,go,monitoring
golang,go
javascript,typescript
react,typescript
golang,security
hacktoberfest,python,machine-learning
react,3d
rust,svg
hacktoberfest,hacktoberfest2020,open-source
hacktoberfest,hacktoberfest2020,tailwindcss,svg
hacktoberfest,javascript,android,ios,cpp,open-source
ios,macos
hacktoberfest,laravel
hacktoberfest,python,hacktoberfest2020
deep-learning,machine-learning
python,machine-learning,nlp
deep-learning,machine-learning,c,library
javascript,ios,widget
android,kotlin
hacktoberfest,hacktoberfest2020,java,c
react,reactjs
rust,cargo
ios,docker
hacktoberfest,hacktoberfest2020,open-source
android,kotlin
python,deep-learning,pytorch,machine-learning,artificial-intelligence,tensorflow,transformers
kubernetes,docker,monitoring
golang,go,webassembly
security,kubernetes
awesome,awesome-list
ios,awesome,awesome-list,ios14,widget,scriptable
hacktoberfest,rust
react,reactjs
deep-learning,artificial-intelligence,transformers,attention-mechanism
golang,monitoring
php,awesome
rust,docker,cargo
golang,open-source
react,typescript,electron
react,nextjs
security,api
laravel,php
golang,go,cli
android,ios,linux,c,windows
typescript,neovim,electron
golang,go,library
computer-vision,transformers,awesome-list
hacktoberfest,hacktoberfest2020
android,java
hacktoberfest,flutter
react,svg
python,deep-learning,java,go,swift,cpp,c,algorithms
javascript,java,vue
ios,linux
rust,algorithms
python,golang,swift,kotlin,cpp
ios,swift,ios14
linux,docker
javascript,php,html
deep-learning,computer-vision
android,kotlin
vue,awesome
react,reactjs
security,linux
javascript,nodejs,html5
hacktoberfest,rust,hacktoberfest2020,docker,cargo
golang,go
kubernetes,go
javascript,3d
react,awesome,reactjs
react,python,typescript
swift,ios14,widget
ios,widget,scriptable
typescript,nodejs
pytorch,machine-learning
hacktoberfest,react,hacktoberfest2020
hacktoberfest,laravel
deep-learning,computer-vision,cpp
typescript,vue3
hacktoberfest,python,javascript,android,java,kotlin,cpp,php,c,algorithms
javascript,3d
swift,ios14,widget
vue,php
javascript,typescript,js
react,typescript,tailwindcss
flutter,terminal
hacktoberfest,python,javascript,hacktoberfest2020,java,kotlin,cpp
javascript,typescript,api,js
cli,terminal
javascript,nodejs,html5
react,typescript,nextjs,tailwindcss
javascript,nodejs
rust,terminal,cargo
react,javascript,typescript
flutter,ios14
rust,swift,api,webassembly
hacktoberfest,hacktoberfest2020
awesome,awesome-list
hacktoberfest,hacktoberfest2020
hacktoberfest,hacktoberfest2020,html5
python,android,linux
golang,go
hacktoberfest,hacktoberfest2020
hacktoberfest,kubernetes
javascript,typescript,vue
javascript,typescript,nodejs,cli
hacktoberfest,hacktoberfest2020
deep-learning,pytorch,tensorflow
react,typescript,nextjs
react,nextjs,tailwindcss
golang,go
python,linux,cli,terminal
javascript,html,js,html5
python,rust,golang,java,kotlin,github-actions
computer-vision,tensorflow
rust,c
golang,github-actions
security,kubernetes
computer-vision,tensorflow
computer-vision,tensorflow
linux,windows
hacktoberfest,laravel,php
react,javascript,algorithms
docker,github-actions
vue,vue3
flutter,awesome,awesome-list
kubernetes,artificial-intelligence
hacktoberfest,hacktoberfest2020
hacktoberfest,hacktoberfest2020
ios,swift,kotlin,macos
python,deep-learning,computer-vision,tensorflow
python,docker,github-actions
kubernetes,docker,monitoring
security,open-source
react,vue
rust,webassembly
ios,swift,macos
python,android
hacktoberfest,php
python,javascript
android,ios,flutter
deep-learning,pytorch,nlp
golang,go
java,api,library
open-source,nlp
hacktoberfest,hacktoberfest2020
python,linux
react,typescript
hacktoberfest,javascript,hacktoberfest2020,html,html5
artificial-intelligence,attention-mechanism
hacktoberfest,react,python,javascript,vue
