ai-roadmap,artificial-intelligence,data-analysis,data-science,deep-learning,machine-learning,neural-network,roadmap,study-plan
google,hideandsec,osint
electron,javascript,linux,mac,macos,music,music-player,netease-music,player,progressive-web-app,pwa,pwa-apps,vue,vue-cli,vue-router,vuex,web-music-player,windows
git,hadoop,linux,mysql,networking,nosql,python,security,sre,system-design
malware,malware-detection,malware-development,malware-research
containers,dockerfile,kubernetes,oci,uids
ecommerce,nextjs,react
artificial-intelligence,attention-mechanism,computer-vision,image-classification,transformers
autotask,bilibili,dotnet,dotnet5
aws,azure,cloud,digitalocean,gcp,helm,kubernetes,rust,terraform
downloader,library,media,streaming
ios,swift,textkit,uikit
replication,s3,sqlite
anchor-free,android,deep-learning,deep-neural-networks,efficientnet,mnn,ncnn,object-detection,openvino,pytorch,repvgg,shufflenet
autocoin,bilibili,bilibili-helper,github-secrets,linux-crontab
dynamic-sky-replacement,harmonization,sky-matting,skyar
autotask,bilibili,bilibilitask,secrets,uid
c,cross-platform,deserialization,json,performance,portable,serialization
java,javascript,linux,python
android,menu,popup
3d,3d-reconstruction,3d-vision,ai,augmented-reality,computer-vision,dataset,deep-learning,machine-learning,neural-network,python,pytorch,tensorflow
artificial-intelligence,attention,attention-mechanism,computer-vision,deep-learning
generative-adversarial-network,image-translation,stylegan,stylegan-encoder
go,golang,kernel,netstack,osdev,unikernel,wasm
awesome-list,awesome-lists,css3,fontend,list,lists,resources
c,cpp11,csharp,java,javascript,music-player,processing,programming,projects,python,search-engine,web-scraper
arduino,csv,embedded,graph,microcontroller,projects,qt,serial
cargo,cli,command-line-tool,easy-to-use,ls,nat,open-source,rust,rust-lang,zshrc
ios-widget,ios14,ios14-widget,scriptable,scriptables
coupons,cps
newbee-mall,newbee-mall-vue3,spring-boot,vue,vue-example,vue-mall,vue3,vue3-demo,vuejs,vuejs3
adblock,ads,extension,twitch,ublock
frontend,frontend-map,javascript,react,vue
frontend,javascript,vanilla
cve,cve-2016-4437,cve-2019-17558,cve-2020-13942,cve-2020-14882,cve-2020-17518,cve-2020-17519,cve-2020-17530,cve-2020-1938,cve-2020-2555,cve-2020-2883,exploit,pentest-tool,pentesting,rce,s2-061,scanner,security,security-tools,vulnerabilities
electron,electron-api,electron-app,electron-playground,electronjs,playground,typescript
ffmpeg,ffmpeg-libraries,nodejs,short-video,video,video-processing
bastion,security,ssh
design,emacs,lisp
cheatsheet,hacking,hacking-cheasheet,hacking-tools,mindmap,mitm-attacks,pwnbox,raspberry-pi,red-team,rogueap,wifi,wifi-hacking,wifi-security
dark-mode,dark-theme,nextjs,react,themes
cybersecurity,fuzzing,hacking,python3,scanner,webpack
free,landing,landing-page,page,react,reactjs,startup,tailwind,tailwindcss
androidstudio,apk,apktool,dex,hook,il2cpp,smali
cli,elinks,firefox,freebsd,html,links,linux,lynx,macos,newsbeuter,newsboat,openbsd,rss,terminal,w3m
css-modules,hydrated-components,hydration,microsite,partial-hydration,preact,snowpack,ssg,static-site,static-site-generator
avif,gif,image-compression,jpeg,png,svg,webp
debugging,exploitation,program-analysis,reverse-engineering,security
macos,productivity,scripting
android,android-animated-icons,android-animation,android-animations,android-transition,animated-vector-drawable,animation-tutorials,animations-physics,drawable-animations,fragment-transitions,motion-layout,shared-transition,spring-animation,vector-drawables
api-client,awesome,awesome-golang,go,golang,hacktoberfest,hacktoberfest2020,mtproto,tdlib,tdlib-docker,tdlib-go,telegram,telegram-api,telegram-bot
alibaba-serverless,aws-serverless,azure-serverless,baidu-serverless,google-serverless,huawei-serverless,serverless,serverless-devs,serverless-devs-tool,serverless-framework,serverless-tool,tencent-serverless
artificial-intelligence,attention,attention-mechanism,deep-learning,transformers
graph,graph-analytics,graph-computation,graph-computing,graph-data,graph-neural-networks,gremlin
android,api,backend,coroutines,coroutines-android,dependency-injection,flow,hilt-android,jetpack-compose,kotlin,ktor,mvvm-android,mvvm-architecture,navigation-architecture-component,rest-api,retrofit2,testing,viewbinding
https-traffic,ios,maninthemiddle,proxyman,swizzle,urlsession
customization,ios,ios14,ios14-widget,layout,scriptable,scriptable-app,widget
6pan,antd,mpv,vue3,xiaobaiyang
arkit,ios,mixed-reality,oculus-quest,virtual-reality
cli,colors,colors-lookup,palette
idea,java,sast
roborock,xiaomi,xiaomi-vacuum
font,truetype,ttf,unicode
baize,exp,poc,sec,security
big-sur,macos,macos-big-sur,patcher,ui-patcher,unsupported-macs
cpp-library,cpp11,cpp17,freebsd,high-performance,linux,macos,visual-studio
dev,developer,foss,github-pages,hacktoberfest,subdomain,website
dosvpn,fanqiang,free,free-ss,free-ssr,gfw,http,lantern,pac,proxy,shadowrocket,shadowsocks,ss,ssr,trojan,v2fly,v2ray,vmess,vpn
hacktoberfest,image,terminal
blurhash,css,image-optimisation,lqip,placeholder,plaiceholder
eloquent,laravel,squire
computer-vision,deep-learning,embeddings,machine-learning,pytorch,self-supervised-learning
aarch64,arm,arm64,cm4,compute-module,pcie,raspberry-pi
attention,attention-is-all-you-need,attention-mechanism,deep-learning,deeplearning,jupyter,original-transformer,python,pytorch,pytorch-transformer,pytorch-transformers,transformer,transformer-tutorial,transformers
cert-manager,coredns,ingress-controller,ingress-nginx,kubernetes,kubernetes-controller,load-balancer,proxy-protocol
boxjs,scriptable,widget
actix,handlebars,http,http-server,rust,rust-lang,secure,security,server,static,static-server,static-site,static-website,web-server,webserver
big-data-analytics,distributed,distributed-comp,distributed-systems,graph-analytics,in-memory-storage,shared-memory
c99,compiler,java,programming-language,transpiler,typescript
partial-differential-equations
animal-matting,composition,datasets,image-matting,matting,segmentation
bert,keyphrase-extraction,keyword-extraction,mmr
automl,benchmark,dataset,medical,medical-image-analysis,mnist
kubectl,kubernetes
chrome,command-line-tool,demo,fast,gif-creator,hacktoberfest,hacktoberfest2020,recorder,rust,screen-recorder,screen-recording,screenshot-generator,screenshot-utility,terminal-recording,vscode
flink
redux,redux-toolkit,rtk-query
artificial-intelligence,audio-processing,deep-learning,deeplearning,embeddings,encodings,image2vec,machine-learning,neural-network,python,pytorch,tensorflow,tfhub,transformers,vector,vector-similarity,video-processing,word2vec
auto-scaling,kubernetes,monitoring,prometheus,shard,thanos
javascript,js,media,netflix
named-entity-recognition,question-answering,sentiment-analysis
analysis,gitbook
gacha,gacha-simulator,genshin,genshin-impact,genshinimpact,hacktober,hacktoberfest
neovim,neovim-plugin,vim,vim-plugin
deep-learning,gan,hifi-gan,pytorch,speech-synthesis,text-to-speech,tts,vocoder
apex,async,cache,integration,invocable,salesforce,trigger
optimizer,pytorch,sam,sharpness-aware
go,golang,monitoring,tui,visualization
clickhouse,database,distributed-computing,olap,parallelism,query-engine,query-processing,rust,simd,sql
analysis,data-race-detection,detection,detects-races,go,golang,mutex-synchronisation,pointer-analysis,race-condition,race-conditions,race-detection,ssa,static-analysis,static-code-analysis,synchronization
components-library,javascript,less,rabbit-ui,typescript,ui,ui-components,ui-design
octo-correct-managed
docker,docker-compose
clang-libtooling,cpp,memory-management,structlayout,visual-studio,visual-studio-extension
agile,agile-board,agile-development,kanban,kanban-board,kanban-board-application,materail-design,material-ui,minimalist-design,offline,privacy,productivity,productivity-tools,react,self-improvement,typescript
custom-resolution,debian,elementaryos,gnome-tweak,pop-os,preferred-apps,refresh-rates,tweaks,ubuntu
character,entropy,golang,golang-package,security,strength
object-detection,pytorch,single-stage,toolbox
alquran,database,downloader,nhentai,nodejs,nulis,simisimi,stickers,whatsapp-bot,youtube
cmake-examples
ai,hacktoberfest,keras,machine-learning,python,q-learning,reinforcement-learning
3d,editor,react,react-three-fiber,threejs,webgl
image-procesing,rust,svg
algorithms,competitive-programming,data-structures,dsa,dsa-algorithm,placements
ddns,file-manager,ssh-tunnel,ssr
ffmpeg,hacktoberfest,hacktoberfest2020,open-source,pillow,video,youtube
detection,faster-rcnn,pytorch
debugging,devops,kubernetes,logging,logs,tail
android,instant-messaging,netty,netty-server,push,tcp-ip
internal,memcached,microsoft,microsoft-sql,mongodb,mysql,nosql,redis
cookbook,docker-compose,self-hosted
emacs,org-mode,org-roam,transclude,transclusion,writing
design,generator,gradient,hacktoberfest,hacktoberfest2020,preact,svg,tailwindcss,uidesign,waves
bert,classical-chinese,guwenbert,literary-chinese,transformers
android,cpp,documents,enterprise,free-software,hacktoberfest,ios,javascript,libreoffice,office,open-source,opensource,productivity
components,golang,live-view,liveview,server-side-rendering,virtual-dom,websockets
malware,malware-development,malware-research
data,react,table
blog,cloudbase,comment,leancloud,mongodb,postgresql,sqlite,valine,vercel
pinyin-pro
apple,human-interface-guidelines,ios,macos,tvos,watchos
faka,flask,heroku,jwt-authentication,mysql,pwd,smtp,stisla,ui-stisla,vue3,vuejs
face-swapping,pytorch,pytorch-lightning
github,stories
email,hacktoberfest,laravel,laravel-framework,laravel-package
raspberry-pi,snowboy,speech
consumption-metrics,electricity,electricity-consumption,electricity-meter,energy,energy-consumption,energy-efficiency,energy-monitor,greenit,prometheus,qemu,rust,rust-lang,sustainability,virtual-machines,wattmeter,watts
apple,iphone12,store
automation,hacktoberfest,hacktoberfest-accepted,hacktoberfest2020,python
a2oj,codechef,codeforces,cpp-cheat-sheet,data-structure,geeksforgeeks,interview-questions,leetcode
deep-learning,machine-learning,touch-typing,typing,typing-practice,typing-trainer,typingspeedtest
natural-language-processing,nlp,summarization,text-generation
machine-learning,nlp,python,search
hellosystem,iso,livecd
ai,baremetal,c,dedeep-neural-networks,deep-learning,embedded,embedded-systems,hardware-acceleration,inference,library,lightweight,machine-learning,neural-network,onnx,portable
ios,javascript,widget,widgets
atr,bad-neighbor,badneighbor,buffer-overflow,buffer-overflow-vulnerability,cve,cve-2020-16898,icmpv6,lua,mcafee,microsoft,neighbor-discovery,neighbor-discovery-protocol,rce,suricata,suricata-rule,tcpip-stack,windows-10
android,androidanimation,androidviewmodel,biometrics-android,camera,clean-architecture,clean-architecture-coroutines,coroutines-android,dagger2,hilt-android,hilt-dependency-injection,kotlin,material-animation,microphone,mvvm-android,mvvm-architecture,paging3,room-persistence-library,screen-dots,stateflow
cuuhomientrung,open-source-project,python
c,hacktoberfest,hacktoberfest2020,java
generator,site
animations,mixins,portfolio,portfolio-website,react,react-spring,reactjs,scss,transition-animation
cargo,rust,script
inkscape-extension,optics,optics-simulation,python
java
arm,docker,gdb,ios,kernel,xnu
antivirus,clamav,defender,docker,dotnet,virustotal
contribute-repository,contributions-welcome,first-timers,hackoberfest2020,hacktoberfest,hacktoberfest2020,open-source,open-source-community,open-source-project
obsidian,obsidian-md,obsidian-plugin
card-game,framework,godot,godot-engine
activity,android,bundle,bundler,fragment,intent,kotlin,kotlin-extensions,skydoves
legal,legal-text-analytics,nlp
artificial-intelligence,clustering,compare-vectors,deep-learning,embeddings,encodings,machine-learning,neural-networks,python,pytorch,search,search-engine,semantic-search,tensorflow,transformers,vector,vector-analytics,vector-search,vector-similarity,vector-similarity-database
docker,http,http2,https,k8s,kubernetes,monitoring,observability,probe,socket,sre,tcp
go,golang,ide,wasm,webassembly
awesome-list,csharp,csharp-sourcegenerator,dotnet,list,roslyn
apis,async,fastapi-course,modern-apis,pydantic,python-language,rest-api,talkpython
aws,cloud,cspm,gcp,kubernetes,security,security-audit
data-transfer-object,laravel,laravel-package,value-object
custom-hierarchy,unity
awesome,awesome-list,career,compensation,cto,culture,engineering-team,executive-management,hiring,leadership,management,motivation,onboarding,politics,product-management,project-management,recruitment,systems,transition
awesome,awesome-list,ios,ios14,scriptable,scriptable-app,widget
arp-poisoning,arp-spoofing,ethical-hacking,network-programming,penetration-testing,socket-programming
3d,bim,geometry,ifc,threejs
filesystem,hacktoberfest,rust,unix
diagrams,elkjs,node-editor,react,reactjs,workflow
template
democracy,freedom,hackathon,hacktoberfest,thai
aspnetcore,identity,oauth,oidc,openid-connect,security
artificial-intelligence,attention-mechanism,deep-learning,transformers
generalrelativity,geodesics,spacetime
flutter
checkmk,golang,icinga,icinga-plugin,monitoring,nagios,nagios-plugin,provisioning,zabbix
dsp,pytorch
binance,cryptocurrency,trading,trading-bot
competition,events-extraction,pytorch
adguard,limbopro,nobyda,quantumultx
counter-censorship,dns,dns-over-https,dns-server,routing
bugbounty,face,medium-scopes,penetration-testing,penetration-testing-framework,recon,reconnaissance,vps
among-us,game,godot-engine,mafia,social-deduction-game
hybrid-vit,image-classification,image-recognition,transformers,vision-transformer,vit
graph,gremlin,jupyter,jupyter-widgets,neptune,sparql
automation,knightly,nightly-build
asset-management,devops,pentest
awesome,php,php-src,source-code
lidar-odometry,livox-avia-lidar
hooks,react,svelte
hasura,netlify,netlify-forms,netlify-functions,next-on-netlify,nextjs
cargo,ci,docker,rust
golang,open-source,podcast,podcast-downloader,podcast-player,self-hosted
cloudflare-workers,cron,rust
hacktoberfest
electron,homura,react,redux,rss,rss-reader,typescript
beautiful,business,components,customizable,entrepreneurship,gatsby,learning,modern,nextjs,opensource,react,responsive,server-rendering,simple,static-site,template,theme-ui,ui-components,universal,webapp
access-management,api,iam,identity,oauth,openid,security,sso,uma
laravel,php,php8
paltform,sotfware,work
brute-force,cracking,ctf,ctf-tools,pentesting,security,steganography,stegcracker,steghide,stego
autojs,roceys,taobao,tmall
lua,nvim
china,gfw,proxy,trojan,trojan-gfw,trojan-go,trojan-r
audiobook,cli,cobra,go,golang,pdf
android,c,c-plus-plus,conan,cross-compilation,cross-platform,homebrew,ios,linux,mingw,package-manager,vcpkg,windows,xmake,xmake-repo
electron,gui,neovim,neovim-guis,typescript,webgl2
add-on,add-ons-for-firefox,chrome,doubt,extension-chrome,firefox,language,language-learning,pronounciation,school
flutter,flutter-package,router,routing
arc-cache,cache,caching,fifo,go,golang,in-memory,lfu,library,lifo,lru,mru,ttl
awesome-list,computer-vision,representation-learning,self-attention,transformers
macadmin,macos
compiler,functional-programming,learning,recursion,type-system,typescript
good-first-issue,hacktoberfest,hacktoberfest-2020,hacktoberfest-accepted,hacktoberfest-starter,hacktoberfest2020
grafana,grafana-dashboard,monitoring,monitoring-tool,observability
android,anr,apm,block,crash,crash-reporting,exception,handler,java,jni,native,reporter,reporting
dart,flutter,hacktoberfest,resources
apk,ghidra,ida,jni-helper,radare2
csharp-sourcegenerator
akar-icons,icon,icon-library,icon-pack,react,svg,svg-icons
admin,antd-design-pro,antdesign,django,django-admin,django-rest-framework,drf,generator,nocode,python3,react,xadmin
algorithms,c,computer-science,cpp,csharp,data-structures,deep-learning,go,java,machine-learning-algorithms,python,swift
flutter,inheritedwidget,service-locator,state-management
ui-library
cassandra,grafana,helm,kubernetes,medusa,nosql,prometheus,reaper,stargate
cargo-registry,crates,registry,rust
java,javascript,mysql,netease,netease-cloud-music,netease-music,oss,redis,spring-boot,springboot,uni-app,uniapp,vue
alerting,cloudnative,dagger,fluentd,logging,loki
apple,checkra1n,ios,iso,jailbreak,linux
algorithms,math,optimizations,rust,simd,structure-of-arrays
challenges,cpp,dart,golang,kotlin,kts,python,swift
contributions,contributions-chart,github,ios,ios-app,ios-swift,ios14,swift,widgetkit,widgets
audio,loss-functions,pytorch
ap-t,apt-get,docker,install,linux,yum
hacktoberfest
html,javascript,mail,php
clojure,clojure-spec,code-search
computer-vision,deep-learning,lane-detection
bwb,css,js,web,webpage-builder
benchmarking,console,console-application,cpp17,cpp17-library,criterion,csv,export,header-only,json,library,measurements,microbenchmark,microbenchmarks,mit,modern-cpp,single-header,single-header-lib,single-header-library,table
react,react-data-grid,table
language-model,text-classification,weakly-supervised-learning
control-panel,mqtt,vue,zwave,zwavejs
android,balloon,colorpicker,compiose,jetpack-compose,kotlin,skydoves,spinner
3d-mapping,lidar-inertial-odometry,lidar-mapping,livox-horizon,livox-lidar,loam,loam-velodyne,pose-estimation,ros,sensor-fusion,slam,solid-state-lidar,velodyne,velodyne-slam
admin,awesome,awesome-admin,backstage,backstage-system,element,element-ui,fantastic,fantastic-admin,vue,vue-admin,vue-cli,vue-element-admin,vue-router,vue-system,vuex
android-development,android-library,android-login,android-security,device-fingerprint,device-identifier
algorithm-challenges,competitive-coding,competitive-programming,programming
i18n,react,react-context,reactjs,translation,translations
miniprogram,wechat-mini-program,weixin,weixin-app
html-css-javascript,miniprogram,web,webapp,wordpress
hardening,linux,security,sysctl
appkit,catalyst,electron,swiftui,uikit
caer,concepts,face-detection,face-recognition,faces,freecodecamp,opencv,opencv-course,opencv-python,python,recognition,video
autoprefixer,babel,babel-preset,boilerplate,fast,front-end,front-end-development,frontend,html-css-javascript,html5,javascript,nodejs,parcel,parcel-bundler,parceljs,postcss,sass,scss,surge,surge-sh
brute-force,cargo,crack,ctf,ctf-tools,decryption,docker,hacktoberfest,hacktoberfest2020,images,rust,steg,steganography,steghide
asp-net-core,backend,dapper,database,easy,entity-framework,fluentvalidation,free,learning,rapid-development,web,webapplication
asciidoc,book,fastai,jupyter,nbdev,notebook,publish
glsl,javascript,npr,threejs,webgl,webgl2
analysis,analytics,api,data,database,elt,etl,graph,graph-database,neo4j,network,politics,reddit,social,social-media,social-network
hacktoberfest
obsidian-md,obsidian-plugin
disposable-email,go,golang,temporary-email
curl,debug,debugger,react,react-native,vconsole,vdebug
hacktoberfest
covid-19,covid19,mutation,mutation-distribution,nextstrain,sars-cov-2,sarscov2,tracking,variants
python-wechat,wechat-api
daimler,diagnostics,diagnostics-application,dpdu,ecu,hacking,j2534,kwp2000,macchina-m2,mercedes-benz,mercedes-cbf,odb,open-vehicle-diagnostics,ovd,protocol,reverse-engineering-framework,rust,uds,vehicle
parse-resume,parser,resume,resume-parse,resume-parser
3d,gamedev,geometry,mesh,rendering,voxel
computer-graphics,cpp,cpp17,ray-tracing
hacktoberfest,hactoberfest-2020,hactoberfest-accepted,prs
aks,appops,argocd,continuous-deployment,dashboard,deployment,deployment-automation,deployment-pipeline,deployment-strategy,devtron,eks,gitops,gke,go,kubectl,kubernetes,kubernetes-dashboard,kubernetes-deployment,release-automation,workflow-engine
3dvision,generative-model,graphics
dark-theme,ghidra,reverse-engineering
3d,coderdojo,coding-dojo,javascript,threejs
data-visualization,developer-tools,elixir
awesome,react,react-boilerplate,react-boilerplate-2020,react-redux,react-router,react-starter,react-starter-kit,react-starter-project,reactjs
binary,bssom,c-sharp,performance,serializer
data-analysis,data-science,data-visualization,fastapi,pandas,python,react,typescript,visualization
animation,ios14,swift,ui,widget,widgets,xcode
ios,scriptable,widget
clean-architecture,ddd,nodejs,tdd,typescript
deep-neural-networks,dnn,dnn-training,machine-learning,memory-consumption,ml-training,pytorch
blockchain,cli,command-line,flow
beginner-friendly,developer,developer-community,gatsby,good-first-issue,hacktoberfest,hacktoberfest2020,hactoberfest,hactoberfest2020,react
gamepad,input,linux,mouse
bypass-uac,cobaltstrike-cna,redteam,redteam-tools,uac-bypass
blockchain,defi,ethereum,ethereum-contract,vyper,yearn,yearn-finance
hacktoberfest,intellij,intellij-plugin,laravel,laravel-collections,phpstorm,phpstorm-plugin
audit,command-injection,cross-site-scripting,hacking,lfi,local-file-inclusion,owasp,penetration-testing,php,sql-injection,sqli,vulnerability,xss
image-translation,pytorch,stylegan2
disasters,fires,git-scraping
gatbsy,personal-website,portfolio,portfolio-template,portfolio-website,tailwindcss
deep-learning,framework,gpu-task-scheduling,inference,parallel,training
annotation,annotation-tool,boundingbox,classification,computer-vision,cpp,dataset,deep-learning,image-annotation,image-annotation-tool,image-processing,labeling-tool,opencv,polygon-annotation,qml,qt,qt5,qtquick,semantic-segmentation
calibration,lidar,robotics,slam
csharp,skiasharp,uwp,wpf,xamarin,xamarin-android,xamarin-forms,xamarin-ios,xamarin-mac
ddd,ddd-demo,ddd-example,dddplus,demo,headless-commerce,headless-components,hot-module-reloading,hotswap,hotswappable,java,oms,scaffold,skeleton
bot,heroku,nodejs-api,qrcode,whatsapp,whatsapp-web
freetype,glfw,glsl,neovim,shaderc,webgpu,ziglang
composition-api,demo,proxy,reactive,todomvc,typescript,vite,vue-router4,vue3,vue3-demo,vue3-typescript,vuex4
pytorch,vision-transformer
algorithms,android,c,cpp,data-structures,good-first-issue,hacktoberfest,java,javascript,kotlin,php,python,searching-algorithms,sorting-algorithms
emacs
api,gerrit,rest,rest-api,wrapper,wrapper-api
autoencoders,gans,generative-model,inn,lightning,normalizing-flows,pytorch,pytorch-lightning,streamlit
ambari,elastic,elasticsearch,elk,es,kibana,mpack
api,devops,fuzz,fuzzing,fuzzing-framework,rest,rest-api
3d,dos,javascript
a11y,accessibility,acot,audit,puppeteer,testing-framework,testing-tools
alarm,assistant,hass,home,integration,lovelace,security
neovim,neovim-plugin,vim,vim-plugin
appgroup-widget,coredata,deeplinks,demo,intent,ios14,ios14-widget,sirikit,swift,swiftui,userdefaults,widget,widgetkit
action,actions,automation,cd,changelog,ci,github-actions,issues,labels,pull-requests,release,release-automation,release-notes,workflow
compiler,datum
free,proxy,proxy-list,proxy-server,ss,ssr,v2fly,v2ray,vmess,vmess-over-tls
alarm,alarm-system,high-performance,hyperf,monitor,php,universal,vue
feedback,github,github-discussions,github-enterprise,github-mobile
figma,icons,svg,web-components
business-architecture,complex-business-architecture,ddd,ddd-architecture,dddplus,domain-driven-development,ecosystem,enterprise-architecture,extension,flexible,framework,headless-commerce,java,landscape,plugin,productivity,productivity-tools,tools-engineering
canvas,javascript,js,ts,typescript
among-us,amongus,detours,dll-hijacking,hooking,mod,mumble,voip
actor,cqrs,cqrs-es,distributed,event-driven,event-sourcing,orleans,saga
branding-assets,laravel,logos
anime,commands,marv,obs,obs-websocket,twitch
emacs,melpa,minor-mode,quelpa,svg,tags
beautifulsoup,chinese-language,course,download,japanese,japanese-language,japanesepod,japanesepod101,jpod101,language,language-learning,learn,learn-chinese,learn-japanese,learn-spanish,podcast,python,requests,scraping,spanish-language
react,redux-toolkit,tailwindcss,typescript
async,libp2p,peer-to-peer,rust
cross-platform,flutter,terminal,terminal-emulator
beginner-friendly,cpp,csharp,dart,hacktoberfest,hacktoberfest2020,java,javascript,kotlin,other,python
handlebars,nextlevelweek,nodejs,rocketseat,sqlite
hook,nextjs,preview,real-time,sanity,toolkit
c152,flight,microsoft,msfs,simulator
api,deno,discord,harmony,javascript,js,ts,typescript
github-actions,incidents-reports,upptime,uptime,uptime-monitor
forge-cli,hacktoberfest,laravel-forge
blessed,cli,command-line,npm,terminal
interview,interview-questions,leetcode
css3,html5,javascript,nodejs,pdf,twitter
jest,mdx,nextjs,react,react-testing-library,tailwindcss,testing-library,typescript
desafios-resolvidos,digitalinnovation-one,dio,javascript,nodejs
cargo,check,compilation,rust,terminal
crud,generator,graphql,prisma,prisma2,type-graphql,typegraphql
544flr,561flr,flexiblelom,flr,kcores,kicad
downloader,electron-vue,node,weibo-spider
apollo-client,graphql,react
chrome,chrome-extension,firefox,firefox-addons,firefox-extension,habr,habrahabr,habrapost,social-media
amiga,raspberry
cross-browser-extension,reactjs-ui,tab-control
database,datalog,graph-database,homebase,hook,javascript,react,relational-databases,state-management,typescript
flutter,ios-widget,ios14,ios14-widget,widget-extension
burp-plugin,burpsuite,checker,unauthenticated,vulnerability
console,output,viewer
camera,custom,firmware,hack,rtsp,yi
aiot,bl602,bl60x,ble,bouffalo,bouffalolab,combomesh,iot,risc-v,wifi
wsl
post-exploitation,rpc,smb,socks,windows
asyncio,distributed-systems,kafka,python-streaming,redis
alpha,api,event-driven,rust,swift,webassembly
hacktoberfest,hacktoberfest2020
airdrop,p2p,webrtc
ffmpeg,ffmpeg-command,node-video,nodejs,video,video-processing
neural-networks,non-rigid-shapes,robust-optimization
awesome,awesome-list,made-by-kazakhs,made-in-kz
google,vpn
it,news,rss
social-sciences,text-analysis
browser-history,ink,paper-css,safari,torus-dom
image-classification,lambda-convolution,lambda-networks,pytorch,self-attention
a2c,a3c,actor-critic,bellman-equation,c51,ddpg,deep-learning,deep-reinforcement-learning,double-dqn,dqn,inverse-reinforcement-learning,openai-gym,policy-gradient,ppo,q-learning,reinforcement-learning,sac,td3,trpo
anime,biggan,deep-learning,gan
hacktoberfest,hacktoberfest2020
genshin,genshin-impact,leafletjs,map,reactjs
cfc,detection,security,target-cfc
css3,first-pull-request,good-first-pr,hacktoberfest,hacktoberfest2020,html5,opensource,pull-request
apple,carlinkit,carplay,carplay2air,cplay2air,reverse-engineering
bug-bounty,bugbounty,bugbounty-writeups,facebook-security
android,android-windows-linux,gcc,ironeye,linux,private-license,python
custompainter,graphx
age-estimation,body-tracking,emotion-detection,face-detection,face-embedding,face-position,face-recognition,gender-prediction,gesture-recognition,hand-tracking,iris-tracking,tensorflowjs,tfjs
concurrency,go,go-concurrency,go-worker,go-workerpool,golang,golang-library,multiple-workers,pool,pools,worker-functions,workers
instantsearch-js,musicbrainz,typesense,typesense-instantsearch-adapter
hacktoberfest,hacktoberfest-2020,hacktoberfest-accepted,hacktoberfest2020
cloud-native,cncf,hacktoberfest,kubernetes,opa,openpolicyagent,policies,rego
javascript,state-management,typescript,vue
actor-model,actors,wapc,webassembly,webassembly-runtime
babel,boilerplate,boilerplate-node,cli,cli-app,command-line,command-line-interface,command-line-tool,javascript,node,node-js,nodejs,npm-module,npm-package,npx,typescript
clojure,datalog,graph-theory,graphs,neo4j,owl,rdf,semantic-web,triples
hacktoberfest
babel-macros,expo,react-native,tailwindcss,utility-first,variants
home-assistant,kiosk,kiosk-mode,lovelace
hacktoberfest,hacktoberfest-accepted,hacktoberfest2020
confidence,deep-learning,evidence,neural-network,neurips-2020,pytorch,tensorflow,uncertainty
image-viewer
compression,deflate,gzip,huffman-coding,lz77,nim,tarball,zip,zlib
genshin-impact,hoshinobot
color-scheme,color-theme,colorscheme,neovim,neovim-plugin,nvim-plugin,syntax-theme,theme,vim,vim-colors,vim-colorscheme
42,42born2code,42school,42seoul,badge
fur,godot
denormalization,denormalized,eloquent,flattable,laravel
cve,cybersecurity,infosec,security,vulnerabilities,wiki
lua,neovim,neovim-lua,neovim-plugin,nvim,quickfix,vim
antd,blog,koa,react,redux
docs,docs-cn,docs-zh-cn
boilerplate,css-modules,frontend,hooks,nextjs,progressive-web-app,pwa,pwa-boilerplate,react,redux,redux-thunk,scss,typescript
badges,badges-markdown,shields,shields-io,shieldsio,styled-components
framer-motion,headless,next-js,nextjs,react,sanity,shopify,starter,starter-template,tailwindcss,vercel
deep-learning,network-compression,vector-quantization
dns,dns-client,dns-server,dns-tunneling,python3,scapy
go,golang,json-web-token,jwt
alias,aliases,analytics,bash,cli,console,devops,gitlab,history,linux,python,russian,shell,statistics,sysadmin,terminal,tool,top,utility,zsh
cpp,frida,instrumentation,mocking,testing
51bitquant,algo,binance,binance-api,binance-bot,binance-trader,bitcoin,cryptocurrency,eth,python,quant,quantitative,trader,trading,vnpy
html,html5,javascript,js,tips,tips-and-tricks
bytestring,haskell,json,marshalling,serialization
cvc4,fuzzing,smt,smt-lib,smt-solver,testing,z3
compose,jetpack-compose,kotlin,kotlin-android,mvi,retrogame,tetris
dynamic,github,github-profile,github-streak-stats,hacktoberfest,profile,profile-readme,readme,readme-generator,readme-stats,serverless,stats,streak
automation,bot,downloader,moderation-bot,node-js,whatsapp,whatsapp-bot
beacon,bof,cobalt-strike,pentesting-tools,redteam
e2ee,email,messaging,security
gym-environment,nlp,nlp-tasks,rl-agents
chrome-extension,firefox-extension,slader
app,free,notebook,notes,organization,productivity,scalable,search,yana
box2d,physics,webassembly
api,backend,gui,openapi,react-flow
ci,code-quality,code-quality-analyzer,fixing,formatting,github-actions,golang,groovy,java,jenkins,jsonschema,kotlin,linter,linters,markdown,python,rust,scala,terraform
data-to-text,pre-training
computer-vision,tensorflow,transformer,vision-transformer
awvs,awvs12,awvs13,vulnerability-scanning
datascience,soccer,sportsanalytics
c,rust,rust-library
mapper,object,reflection,stargazers,validation,visitor-pattern
botmanagement,ddos,envoyproxy,waf
codespaces,github-actions,golang,golang-library,golang-package,golangci-lint,mit-license,pipeline,pipeline-framework,stream-processing,streaming-data,workflow,workflow-engine
moses,moses-toolkit,style-transfer,supervised-experiments
assessment,exploitation,hostipc,hostnetwork,hostpath,hostpid,kubernetes,penetration-testing,pods,podspec,privileged,security
lidar-odometry,paper,robotic-applications,robotics
aws,ipgeo,ipgeolocation,reactjs,terraform
computer-vision,datapipeline,tensorflow
computer-vision,datapipeline,tensorflow
3d-engine,gamedev,rust
keyboard,kvm,linux,linux-desktop,mouse,remote-management,windows
eloquent,eloquent-models,hacktoberfest,laravel,laravel-framework,laravel-package,laravel-schedule,php,php7,schedulable
baidu,baiduspider,crawler,python,python-crawler,search,spider
android,appbarlayout,bottomappbar,bottomnavigationview,collapsingtoolbarlayout,material-design,material-ui,tablayout,tablayout-samples,toolbar,toolbar-samples
bounty,burp,burpsuite,hacking,pentest
calendar,cms,crud-api,document-editor,file-manager,office-suite,spreadsheet-editor
effective-java,korean,swift,swift5
asynchronous-programming,concurrent-programming,cpp,cpp17,multicore-programming,parallel-computation,parallel-computing,stop-token,taskparallelism,thread-pool
beeper,chiptune,minimalism,music,rtttl,webaudio
algorithms,chat,chatroom,code,code-completion,code-editor,collab,conference-talk,design,draw,javascript,material-ui,programming,react,room,socket-io,ui
docker,docker-meta,github-actions,github-actions-docker,labels,metadata,tags
axios,composition-api,swr,userequest,vue,vue-request,vue3,vuerequest
domain-driven-development,laravel,lucid,lucid-architecture,microservices,monolith,separation-of-concerns,service-oriented-architecture,single-responsibility-principle,software-architecture
form-fill,military,pdf,work-from-home
deep-learning,deep-neural-networks,efficientdet,handsign,mobilenetv2-ssd,naruto,object-detection,opencv,tensorflow-lite,tensorflow2
awesome,awesome-list,dart,flutter,flutterdev,pub,pubdev
awesome-list,awesome-lists,config,configuration,database-management,databases,mariadb,mariadb-database,mariadb-mysql,mariadb-server,mysql,mysql-database,mysql-server,percona,percona-mysql,percona-server,performance,tuning,tuning-parameters
artificial-intelligence,datascience,edge,inference-server,k3s,kubeflow,kubeflow-pipelines,kubernetes,machinelearning
go,http,server
fizzbuzz,hacktober,hacktoberfest,hacktoberfest2020
python
cookies,firebase,firebase-authentication,firebase-js-sdk,next,nextjs
cuda,filters,modelcompression,pruning,pytorch,skeleton,stripe
cgi,wasi,wasm,webassembly
first-program,first-pull,first-pull-request,first-pull-request-and-commit,first-timers,hacktober,hacktoberfest,hacktoberfest-starter,hacktoberfest2020
regex
gradle,gradle-plugin,ios,kotlin,kotlin-multiplatform,macos,swift,swift-package-manager,tvos,watchos,xcframework
yandex
fuckriaa,youtube-dl
adversarial-attacks,adversarial-learning,computer-vision,deep-learning,python,tensorflow
docker,github-actions,github-api,github-pages,github-stats,portfolio,project,python
application,application-framework,game,game-development,game-engine,gamedev,graphics-engine,image-processing,logitech-gaming,openal,openal-soft,opengl,visual-studio,win32,win32-cpp,winapi,windows,xinput
covid-19,covid19,dashboard,e-ink,python,python3,raspberry-pi,raspberrypi,waveshare-eink
angular,framework,ngx,routing,server-side-rendering
gitbook,peiqi-wiki
docker,docker-compose,grafana,influxdb,k3s,kubernetes,monitoring,raspberry-pi,telegraf
amazon-s3,google-cloud-storage,ipynb-viewer,jnotebook-reader,jupyter,jupyter-notebook,minio,notebook-reader,notebook-viewer
admin-dashboard,bootstrap-template,bootstrap4,html
benchmark,cve,open-source,security,vulnerability
color,dark,mode,perfect,react,svelte,vue
calendar,calendar-swiftui,calendarswiftui,customizable-ui,date,dategrid,horizontal-scrolling,ioscalendar,monthcalendar,swiftui,swiftuicalendar,weekcalendar
cryptography,enclave,privacy,rust,sel4,sgx,trustzone,webassembly
apple,camera,catalyst,ios,ipad,iphone,location,mac,macos,notifications,permissions,photos,plist,swift
color-scheme,flutter,flutter-web,material-design
canon,ef,ef-s,lens,oshw,otter,stm32,stm32f0,stm32f042
aes,blowfish,crypto,encryption-algorithms,encryption-decryption,encryption-tool,expressjs,nodejs,rsa,tools,triple-des,twofish
adb,android,automatic,automation,automator,bot,emulator,follow,followers,gain,instagram,instagram-bot,interaction,like,python,script
apcu,hacktoberfest,metrics,php,prometheus,prometheus-client-library,redis
dark-theme,gitbook,minimalistic,theme,typora,typora-gitbook,typora-theme,typora-themes,variants
algo-trading,gateway,ibeam,ibkr,ibkr-api,ibkr-credentials,interactive-brokers
cli,framework-agnostic,repl,tinker
flutter,flutterui,flutteruidesign
clojure,postgresql
graphql,swift
gestures,gtk,linux,multi-touch,touchegg,touchpad,touchscreen
delight,spark,spark-history-server
css,flask,javascript,python
android,flutter,ios,live-streaming,srs,webrtc
markdown,markdown-themes
formula,golang,math
aspnet,aspnet-core,autofac,azure,basket,bootstrap-4,c-sharp,cart,cms,core,e-commerce,ecommerce,ef6,esd,liquid,lucene,pagebuilder,sass,shop,smartstore
attention,cnn,deep-learning,deeplearning-nlp-models,embeddings,gpt,hugging-face,nlp,nlp-papers,pytorch,torchtext,transformer,tutorials,word2vec
compression,ntdll,ntfs,rtlcompressbuffer,wof,wofcompresseddata
censorship-circumvention,encryption,go,golang,obfuscation,proxy
bubbletea,hacktoberfest,markdown
dart,dotenv,environment-variables,flutter
2b2t,api,fabric,fabric-mod,fabricmc,fabricmc-mod,forge,forge-mod,gamesense-client,gui,java,library,minecraft,minecraft-forge,minecraft-forge-mod,minecraft-gui,minecraft-mod,utility-mod
weather
change-data-capture,heroku,kafka,lightning-web-components,mqtt,salesforce
aws,logs,metrics,monitoring,serverless,troubleshooting
corpora,curation,dataset,korean,nlp,open-source
hacktoberfest,hacktoberfest2020
commonmark,jira,markdown,text-editor
arp,icmp,ip,linux,network,python,tcp,udp
android,jetpack-compose
11ty,11ty-template,eleventy,eleventy-template,sass,sass-boilerplate
npm-package,package-development,react,rollup,typescript,zero-configuration
compatibility,php,phpunit,polyfill,unit-testing
gitops-toolkit,terraform
behinder-memshell,jboss-memshell,jetty-memshell,memshell,spring-memshell,tomcat-memshell,weblogic-memshell,webshell,websphere-memshell
keras,telegram-bot,tensorflow,tensorgram
android,android-application,bottomnavigationview,compose,composeanimation,coroutines,coroutines-flow,daggerhilt,declarative-ui,demo,hilt-android,jepackcompose,jetpackdatastore,lazygrid,multimodule,mvvm-architecture,navigation,password,sample
chakra-ui,personal-project,react
contributing,contributions-welcome,css,first-contributions,first-timers,firstcontributions,hacktoberfest,hacktoberfest2020,html,html5,javascript,web,website
artificial-intelligence,attention,attention-mechanism,image-classification,self-attention
angular,assets,cache-busting,django,django-manifest-loader,django-webpack-loader,hacktoberfest,javascript,loader,manifest,python,react,split-chunks,static,templatetag,vue,webpack,webpack-configuration
adelaidet,anime-segmenter,condinst,detectron2,instance-segmentation
hacktoberfest,haskell,lens,lenses,prisms,profunctor-optics,profunctors,traversal
analyzer,dark-mode,data-processor,dear-imgui,disassembler,hex-editor,ips,ips32,mathematical-evaluator,nodes,pattern-highlighting,pattern-language,reverse-engineering
annotation,annotation-tool,audio,camera,chrome-extension,design,editor,javascript,loom,productivity,recorder,screen-capture,screen-recorder,screencast,video
awesome,awesome-list,best-of,data-science,data-visualization,data-visualizations,deep-learning,keras,machine-learning,nlp,python,python-library,pytorch,scikit-learn,tensorflow
analyzer,html,information-gathering,javascript,nodejs,osint,pentest,pentesting,person-profile,profile,python,reconnaissance,social-analyzer,social-media,username
among-us,amongus
apple,apple-apis,bindings,bridge,cgo,cocoa,go,golang,ios,libobjc,mac,macos,macos-application,native-apps,objc-runtime,objective-c,webkit
ai,art-portraits,colab,creative-coding,deep-learning,generative-art,machine-learning,movie-poster,nogan,nogan-training,portraits
xray
effective-golang,go,golang,high-performance
angular,deploy,deployment,deployment-automation,frontend,gatsby,getmeli,hosting,jamstack,meli,react,vue,webdev
easy,mutable,react,state
git-scraping
cpp,kafka
100daysofcode,bash,bash-script,bash-scripting,devops,ebook,hacktoberfest,introduction-to-bash-scripting
challenges,coding-interview,frontend,frontend-challenge,frontend-development,frontend-framework,interview-preparation,interview-questions,interviewers,javascript,javascript-challenges,javascript-interview,javascript-interview-questions,javascript-modern-interview,web
draggable,droppable,react,sortable
image-matting,portrait-matting,video-matting
computer-vision,video-interpolation
awesome-list,awesome-lists,css3,fontend,list,lists,resources
diff,image-comparison,odiff,pixel-perfect,snapshot,testing-tool,visual
aws,aws-security,azure,cis,cis-benchmark,cloud-computing,cloudtrail,compliance,cspm,gcp,gcp-security,monitor,security,sql,well-architected
c,elegant,linked-list,pointers,torvalds
mitm,mitmproxy,proxy,socks5-proxy
docker,escape-container,exploits,hacktools,k8s,k8s-penetration-toolkit,kubernetes,linux,penetration,penetration-testing-tools
3d-maps,javascript,map,procedural-gl-js,webgl
angular,builder,compiler,declarative,figma,jsx,jsx-lite,liquid,no-code,react,shopify,solid,svelte,visual,vue
bitly,github-page,self-hosted,serverless,short-url,shorten-urls,shortener,shorturl,tinyurl,url-shortener,url-shorteners,urlshortener
bugbounty,intelligence,osint,recon,security
privacy
hacking,redteam,security
mock,unittest
data-science,devops-tools,machine-learning,metadata-tracking,mlops,pipelines,production-ready,zenml
3d-reconstruction,deep-learning,machine-learning,robotics,slam
boilerplate,css,css3,html,html5,javascript,js,snippet,template
amd,bot,discord,docker,intel,nvidia,ps5,python,raspberrypi,rtx3070,rtx3080,rtx3090,ryzen,slack,telegram,xbox
logs,metrics,monitoring,observability,open-source,platform,tracing
aws,eks,kubernetes
explorables,language-models,natural-language-processing,nlp,pytorch,visualization
golang,malware,self-spreading,worm
android,apk,cartoon,chinese,comics,e-hentai,ehviewer,exhentai,hentai,hentai-downloader,hentai-viwer,html5,java,screenshot
boilerplate,css,dark-color-theme,minimalist,stylesheet
nlp,python3,tensorflow
asr,deep-learning,esp32-lyrat,fastai,python,pytorch,rnn-transducer,speech-recognition
cli,clipboard,copy-paste,go,golang
neural-rendering,painting-translation,stroke-parameters,style-transfer
philosophy,programming
nerf
automl,graph-neural-networks,hyper-parameter-optimization,pytorch,pytorch-geometric
mini-spring,spring,spring-boot,spring-mvc,springboot,springframework,tiny-spring
c,cs-growing-book,go,html,javascript,linux,python
deep-learning,deep-neural-networks,neural-networks,pytorch,tez
kphp
java,study
asr,automatic-speech-recognition,conformer,e2e-models,production-ready,pytorch,speech-recognition,transformer
deep-learning,graph-neural-networks,jax,machine-learning
3d,3d-engine,biology,chemical-kinetics,chemical-reaction-networks,chemical-reactions,cube,dna,in-vitro,molecular-biology,molecular-programming,piperine,raymarching,real-reactive-programming,strand-displacement
artificial-intelligence,deep-learning,generative-adversarial-network
auto,autosearch,deep-learning,halide,optimization,pytorch,reinforcement-learning,tengine,tensor,tensorflow,tvm
data,data-engineering,engineering
dart,firebase,flutter
rainbow-fart
data-over-sound,demodulation,ecc,fsk,internet-of-things,pairing,python,qrcode,serverless,sound-library,ultrasound
ctypes,ethical-hacking,network-programming,packet-sniffer,pentesting-tools,tcp-ip
bigdata,clickhouse,go,golang
bigsur,macos,swift,swiftpackage
blueteam,cheatsheet,commands,enumeration,exploitation,persistence,privilege-escalation,redteam,wadcoms,windows
android,android-bottomsheet,android-design,android-library,bottom,bottom-sheets,bottomsheet,bottomsheet-android,bottomsheet-dialog,bottomsheetdialog,bottomsheetdialogfragment,bottomsheets,calendar-sheet,color-sheet,design-patterns,kotlin-library,material,material-design,sheets
cloud-environment,cloudnative,kubernetes,microservices
async,python,requests
decompile,disassemble,driver2,game,ghidra,playstation,psx,reverse-engineering,sym
django,django-rest-framework,docker-compose,letsencrypt,nginx,postgresql,react-redux,react-router,reactjs
console,gui,kubernetes,lazy,management,mouse,terminal,tools
communication,concurrency,iframe,javascript,parallel-computing,postmate,postmessage,promise,typescript,web-worker,webworker,worker
combine,macos,swift,swiftui,xcode
aerial-imagery,atmospheric-scattering,cigi,flight-simulation,flight-simulator,geospatial-visualization,image-generator,jsbsim,ocean-wave-simulation,open-street-map,planetary-data,rendering-engine,volumetric-cloud
arm-assembly,i2c,logging,logic-analyzer,spi,stm32f103,usart
bannerscan,brute-force,detection,exploit,ftpscan,hacktools,ms17010,mysqlscan,poc,portscan,scanner,security-tools,smbscan,sshscan
latex,mark-mind,markdown,mind,mindmap,opml,outline
api,binance
among-us,amongus,client,javascript-library,region-server,server
application,go
architectural-patterns,architecture,best-practices,clean-architecture,design-patterns,domain-driven-design,hexagonal-architecture,javascript,nestjs,nodejs,onion-architecture,secure-by-design,solid-principles,system-design,typeorm,typescript
opensource,tools
artificial-intelligence,deep-learning,machine-learning
harvesting,puppeteer,scraping,scraping-websites,scrapper,scrapping
conservation,paper,pdf,scanned-documents,scanned-pages,shell,unix,unix-shell
custom-elements,web-components
adt,formal-proofs,formal-verification,functional-programming,hkt,java,lambda-calculus,monad,tutorial
dart,dart-frameworks,dartlang,faas-framework,flutter-backend,flutter-full-stack,functions-as-a-service,serverless
golang,golang-library,malware,malware-development,malware-research
bert,edit-distance,embeddings,levenshtein-distance,string-matching,tf-idf
flowmap,godot,river
collector,homepage,navigation,react,widget,widget-library
parser,typescript
bruteforce,bruteforce-wordlist,content-discovery,wordlists
nextjs-starter,stripe-checkout,stripe-customer-portal,supabase,vercel
css,css-components,css-framework,design-pattern,design-patterns,design-system,design-systems,postcss,tailwind,tailwind-css,ui-components,ui-design,ui-framework,ui-kit,ui-library,ui-pattern
components-library,javascript,less,rabbit-ui,typescript,ui,ui-components,ui-design
dns-client
360safebrowser,cobaltstrike,cobaltstrike-cna
php,security
data-ownership,data-security,data-synchronization,database-systems,distributed-database,federated,offline-first,zero-trust
angular,element-plus,mongodb,mysql,nodejs,react,sqlite3,vue-next
bbs,community,developers,forum,java,markdown,sns
backup,backup-utility,cryptography,encryption,encryption-at-rest
axios,bootstrap,typescript,vue-cli4,vue-router,vue3,vuex
3d-graphics,global-illumination,graphics,path-tracing,physically-based-rendering,rendering,rust
desktop,electron,markdown,note-taking,offline,sticky-notes,tabs
bitly,link-shortener,self-hosted,shorten-urls,shortlink,shortlinks,static-site
javascript,symfony
documentation,opencollective
activism,anonymity,anonymization,anticensorship,gpg,privacy,privacy-aware,privacy-by-design,privacy-enhancing-technologies,privacy-online,privacy-policy,privacy-protection,privacy-tools,qubes-os,security,security-hardening,tails,tor,veracrypt,whonix
awesome,rust
debug,dump,laravel,php
bundle-size,parcel,rollup,web-optimization,webpack
bart,encoder-decoder,generative-adversarial-network,gpt-2,pretrained-language-model,pytorch,sequence-to-sequence,text-generation,variational-autoencoder,xlnet
admin-panel,gost,iptables,port-forwarding
laravel,laravel-framework,laravel-package,open-source,user-activity,user-activity-monitoring
coredata,keypaths,nspredicate,predicates,swift,swiftui
iros,iros2020,robotics,slam
blog,cloudbase,comment,leancloud,mongodb,postgresql,sqlite,valine,vercel
ai,cleora-embeddings,datasets,deepwalk,embeddings,entity,graphs,hypergraphs,inductive-entity-embeddings,machine-learning,ml,pytorch-biggraph,synerise
aws,aws-cdk,nextjs,s3
blueteam,cybersecurity,data,data-breach,data-leak,data-security,email,gui,leak,opensource,osint,password,pentest,pyqt5,pyside2,python,security-team,security-tools
github,stories
uniapp,zy,zy-player,zyplayer
dart,flutter,flutter-package,flutter-ui,flutter-widget,flutter-widgets,timeline,timeline-component,timelines
hololive,live-translations,translations,vtubers,youtube-livestream
deep-learning,deep-neural-networks,deepfakes,gans,literature,machine-learning,paper
artisan,artisan-gui,laravel,packagist,php
chrome,chrome-extension,coding-interviews,github,github-api,javascript,leetcode,leethub,portfolio
components,interop,vue,vue2,vue3
automation,hack,hacker,hacking,python-script,python3,security,security-audit,security-automation,security-tools,soar,tools,w5,w5soar
apple,card,ios,ipados,over,slide,swift,swiftui
action-detection,action-localization,action-recognition,activitynet,attention-lstm,ava,bmn,cvpr2019,cvpr2020,iccv2019,kinetics400,slowfast,temporal-action-detection,tsm,tsn,ucf101,video-classification,video-recognition,video-understanding,youtube-8m
rust,serialization,zero-copy
data-drift,data-science,html-report,jupyter-notebook,machine-learning,machine-learning-operations,mlops,model-monitoring,pandas-dataframe,production-machine-learning
auto-login,automated,automatic-udemy-enroller,bot,coupon-scraper,coupons,discount-coupons,exe,free,free-courses,gui,python,software,udemy,udemy-account,udemy-bot,udemy-course,udemy-enroller,udemy-paid-courses,udemycourse
bbr,bbr2,bbrplus,websocket,xray,xray-tls-web,xtls
aspnetcore,boilerplate,clean-architecture,clean-code,dotnet,net5
cc0,r,rmarkdown,rmarkdown-template,rstats,rstudio
cloudflare-workers,cloudflare-workers-cron,cloudflare-workers-kv,flareact,monitoring,slack-notifications,status-page,wrangler
guide,machinelearning,project
ctf,ctf-tools
attention,deep-learning,flax,jax,nlp,transformers
activity,android,bundle,bundler,fragment,intent,kotlin,kotlin-extensions,skydoves
guidance,mitigations,snort-rules,ssl,tls
macos,spaces,virtualdesktop
dynamic-compiler,dynasm,emulator,game-boy,gameboy,gameboy-emulator,gbz80,jit,jit-compiler,sdl2
dart,flutter,flutter-bloc,flutter-starter
applied-ml,deep-learning,machine-learning,ml-in-production,ml-ops,pytorch
bugbounty,fuzzing,hacking,pentesting,web-fuzzing,wordlist
bigdata,flink,flink-boot,java,java-flink,mcv,mybatis,sping,spring-boot,spring-retry
baidupcs
awesome,awesome-list,ios,ios14,scriptable,scriptable-app,widget
pytorch,stereo-depth-estimation,stereo-matching,stereo-transformer,stereo-vision
arp-poisoning,arp-spoofing,ethical-hacking,network-programming,penetration-testing,socket-programming
biocomputing,deeplearning,dti,graph-networks,machine-learning,molecule-design,ppi,protein-folding,protein-structure-prediction,representation-learning,rna-structure-prediction,self-supervised-learning
api-client,github,github-api,nbdev,openapi
adi1090x,archcraft,archlinux,bootable,bootable-live-cd,bootable-media,bootable-usb,bootable-usb-drives,debian,grub,grub-theme,grub2,grub2-theme,linux,ubuntu,unixporn
hearthstone
jndi,jndibypass
domain-name-generator,domain-name-predictor
image-format,programming-language,svg,vector-graphics
android-example,compose,compose-tutorial,jetpack,jetpack-android,jetpack-compose,kotlin-android
device-management,endpoint-manager,endpoint-monitoring,endpoint-security,host-instrumentation,it-ops,open-source,osquery,security
framework,golang,microservice
cli,npm,package-manager,pnpm,yarn
deno,vultr
annotation,annotator-tool,bokeh,data-annotation,data-labeling,jupyter,machine-learning,python,supervised-learning,visualization
algorithms-and-data-structures,npm-package,queue,queue-data-stucture
bert,ccf,keras,top1
best-practices,coredata,ios,swift
awesome-list,collections,devops,devsecops,roadmap,security,tools
obsidian-plugin
computer-vision,deepstream,human-pose-estimation,jetson,real-time,tensorrt,tesla
conversation-system,conversational-recommendation,deep-learning,dialog-system,graph-neural-network,human-machine-interaction,knowledge-graph,pretrained-models,pytorch,recommendation,recommender-system,text-generation
d3d12,directx,directx12,microsoft,wsl
cloud-native,containers,docker,education,k8s,kubernetes,series,streaming,youtube
ggplot-extension,ggplot2,microeconomic-graphs,rstats,rstats-package,supply-demand
components,design-system,qui,storybook,ui,vue
csharp,dotnet,relaxation,uwp,white-noise,whitenoise,windows,windows10,winui,xaml
component,conflict-detection,drag,draggable,refline,resizable,resize,typescript,vue3
aruco-markers,numpy,opencv-python,paper,web-cam
android,source-code
collectionview,collectionviewlayout,diffabledatasource,diffabledatasource-collectionview,ios
vless,xray,xtls
cdp,cypress,e2e,native-events,pupeteer,testing
hack,hack-tool,js,penetration-testing,pentest-tool,php,python,security
aws,aws-lambda,cartoongan,cartoonify,computer-vision,deployment,gan,machine-learning-production,netlify,netlify-deployment,production,pytorch,react,scalable-applications,serverless,serverless-framework,style-transfer
vue,vuejs,web-worker,webworker,worker-dom
chat-application,flutter,messenger,mqtt
automation,python,rcc,robocorp,robot,robot-framework,robotframework,robots,rpa,yaml
consultancy,superpeer
attention-visualization,bert,bert-model,deep-learning,explainability,perturbation,transformer-interpretability,vision-transformer,visualize-classifications
android,automation
apple,architecture,arm,rosetta
pytest,python-requests,selenium-python,sqlalchemy-python
apache-kafka,cobra,go,gofiber,golang,grafana,k6,postgres,prometheus,redis
color-scheme,lua,neovim,neovim-colorscheme,neovim-plugin
vless,xray,xtls
ap-t,apt-get,docker,install,linux,yum
crop,draw,filter,graffiti,image-editor,image-sticker,mosaic,text-sticker
golang,image,pdf,pdf-generation,png,qt5-gui
completion,emacs
annotation-processor,data-transfer,dto,dto-bean,json-view,metadata,spring-support
automata,cep,complex-event-forecasting,complex-event-processing,forecasting,markov-models,regular-expression,scala,stream-processing,symbolic-automata
chinadns,dns-server,mos-chinadns,mosdns
clipboard,clipboard-manager
ddd,node,prisma,typescript
editor,es-module,vscode
bloc,clean-architecture,dart,flutter,sample,test,todo
2d,c,canvas,graphics,plutovg,svg,vector
database,database-anonymizer,database-dump,dump-data,dumper,fake-data,fake-generator,postgresql-database
cluster-analysis,k8s,kubeeye,kubernetes,observability
lidar-slam,place-recognition
fragment,fragmentnavigator,jetpack-navigation,kotlin-android,singleactivityapp
api,expressjs,framework,http,http-server,javascript,middleware,node,router,server,webserver,zero-dependency
batch,cicd,continuous-delivery,continuous-deployment,data-science,devops,docker,framework,gitops,kubernetes,machine-learning,mlops,pipeline,python,serving
miniprogram,wechat-mini-program,weixin,weixin-app
php8,phpstorm
extract,golang,regex,sammler
ner,spacy,spacy-nlp,ui
ios,ios14,ios14-widget,javascript,scriptable,widget
ebook-reader,ebooks,epub,mobi,rsvp
android,antv,antvis,data-vis,f2,gcanvas,grammer,ios,mobile,visualization
aws,backup,cli,command-line,command-line-tool,database,ddb,dynamodb,dynamodb-admin,dynamodb-cli,dynamodb-client,dynamodb-local,export,import,nosql,rust
android,android-library,color,drawables,kite,kotlin,kotlin-android,kotlin-library,library,resources,strings
canvas,dart,flutter,flutter-package
homekit,menubar,trigger-homekit-scenes
netlify,profile,reactjs,researchers,resume,resume-creator,static-site-generator,students,yaml
data-structures
code-generation,elixir,openapi,openapi-generator,openapi3,rest-api-framework
analysis-hao,elasticsearch,hanlp,hao-elasticsearch
javascript,js,js-engine,netscape,retro,wasm
react,react-router,serverless,ssr
xposed,zhihu,zhiliao
android,android-app,chinese,e-hentai,ehviewer,java
actor-model,beam,erlang,native,runtime-system,virtual-machine,webassembly
cartoon,madumpa,pbr,shader,stylized,stylizedlit,unity,urp,urpstylizedlit
cheatsheet,cheatsheets,kubectl,kubernetes,snippets
chrome-extension,nonstop
html,oldschool,static-site
arm,arm-none-eabi,arm-none-eabi-gcc,composite-device,gcc,stm32,stm32f103,stm32f103c8t6,uart,usb,usb-cdc
cdn,cf-worker,cloudflare,cloudflare-workers,edge,esr,ssr,vite,vue,workers
minecraft,minecraft-fabric,minecraft-mod,utility-mod
userbot,whatsapp,whatsapp-web
diff,golang,golive,live-view,liveview,server-side-rendering,virtual-dom,websockets
fg-ir-18-384,fortigate,fortinet,golang,ssl-vpn,vulnerability
apache,deb,lampp,lampp-manager,linux,linux-app,mariadb,mysql,php,rpm,xampp
hooks,react,reactjs,tensorflow,tensorflowjs,typescript
graphql,graphql-tools,remote-schemas,schema-stitching
compiler,koto,language,programming-language,rust,scripting-language
atlas,taiwan,topojson
vpn
dataviz,networks,politics,r,shiny,uk,visualization
alan-studio,alan-voice,chatbot,conversational-ai,machine-learning,microsoft-power-apps,pcf,power-apps,speech-recognition,text-to-speech,voice,voice-ai,voice-assistant,voice-commands,voice-control
internships,kazakhstan
angular,dag,directed-acyclic-graph,graph
headless,headless-cms,headless-wordpress,nextjs,react,wordpress
appsec,bug-bounty,dirbuster,hacking,netstalking,penetration-testing,pentest,pentesting,python,scanner,scanner-web,security
cli,copy-paste,gitlab,snippets
phoenix-bot,python
cracking-hashes,ctf,ctf-tools,encoder-decoder,encryption-decryption,hacking-tools,hashing-algorithms,penetration-testing-tools,pentest-tools,pentesting,reverse-shell,swiss-army-knife
crawler,dork,google,hacking,python,security,sql-injection
appsync,aws,aws-cdk,dynamodb,eventbridge,lambda-functions,serverless,serverless-saas
angular,awesome,awesome-list,d3,frontendmasters,gatsby,javascript,nodejs,react,typescript,vue
cobaltstrike,cobaltstrike-cna,redteam,redteam-tools
inspect,introspection,npm-package,promise
ai,bot,bots
ctf,ctf-tools,jku,jsonwebtoken,jwks,jwt,jwt-cracker,jwt-exploit,jwt-security,penetration-testing,penetration-testing-tools,pentest,pentest-tool,pentesting,pentesting-tools,security,security-tools,websecurity,x5u-injection
c99,misra-c,posix,window-manager,wm,xcb
android,exoplayer,exoplayer2,video-player
css,less,refactoring,scss
api-middleware,api-routes,koajs,middleware,middleware-functions,next,nextjs,nodejs,react
diff,go,golang,json,json-patch,rfc6902
api,bluetooth,controler,dualsense,dualsense5,gamepad,gamepad-api,playstation,ps5-controller,sdk,usb,usb-hid
artificial-intelligence,contrastive-learning,deep-learning,self-supervised-learning
data-analysis,data-science,julia,julia-language,julia-package,macro,pipeline
dart,flutter,interview-questions
cern,ibm,jupyter-notebook,matplotlib,numpy,python,qiskit,qiskit-aqua,qiskit-ibm-sdk,qiskit-practice,qiskit-tips-and-tricks,qiskit-tutorial,quantum,quantum-algorithms,quantum-computing,quantum-information,quantum-mechanics,qubits,qworld
4-bit,8-bit,distillation,efficient-neural-networks,hardware-aware,hessian,mixed-precision,model-compression,pytorch,quantization,quantized-neural-networks,tensorcore,tvm
beautifulsoup,chinese-language,course,download,japanese,japanese-language,japanesepod,japanesepod101,jpod101,language,language-learning,learn,learn-chinese,learn-japanese,learn-spanish,podcast,python,requests,scraping,spanish-language
awesome-list,country,made-by,made-in,oss
apple-store,dart,flutter,flutter-app,go,grpc,ios,protobuf
fetch,fetch-api,http,http-client,php,php7,response,streams,web-api
javascript,machine-learning,nlp,search
javascript,ogl,shaders,webgl
debug,laravel,php
amiga,raspberry
debugging,php
among-us,amongus,decompile,innersloth,packet,protocol
ios,react-native,uiaction,uimenu
alexa,android,android-phones,assistant,foss,mycroft,offline,sapphire-assistant-framework,siri
frida,ios,macos,xnu,xpc
contextapi,localstorage,materialui,react,reactjs,speechly
firebase,flutter,flutter-apps,flutter-examples,social,social-media,social-network,socialmedia,ui,uikit
java,java-se
gitops,helm,kubernetes,kustomize
container,security
fp,fp-ts,functional-programming,matching,option-monad,pattern,pattern-matching,typescript,typescript-pattern-matching
data-visualization,database,database-gui,dummy-data-generator,kpis,sql
downloading-vods,recover,recover-files,recovering-data,recovery,stream,streamer,streamer-tool,streaming,twitch,twitch-api,twitch-servers,twitch-tv,twitchtv,vod-links,vods
data-structures,function-composition,haskell-like-high-level-function,interpreter,language,lazy-evaluation,lisp,pattern-programming
remote-play,steam,unlocker
bot,chrome,python,pythonbot,udemy,udemy-course,webscraping
cryptocurrency,e-paper,raspberry-pi
hassh,passive-ssh,passive-ssh-server,ssh,ssh-scanner,threat-intelligence
javascript,messaging,svelte,typescript,vscode-extension
pdf,pdf-conversion,pdf-converter,pdf-generation,pdf-library
blogging,casper,cms-ghost,gatsby-alternative,ghost-blog,ghost-theme,image-optimization,lighthouse,nextjs,nextjs-blog,nextjs-serverless,nextjs-starter,react,static-site-generator,typescript
action-recognition,dataloader,deep-learning,machine-learning,pytorch,video-dataset
glsl,threejs,webgl,webgl2
api,ig-bot,ig-private-api,ig-story,instagram,instagram-api,instagram-bot,private-api,proxy,python,stories,story
osc52,vim-osc52,vim-plugin
advent-of-code,advent-of-code-2020
airflow,data-analysis,data-monitoring,data-quality,data-quality-monitoring,data-visualization,grafana,open-source-tooling,postgresql
obsidian-md,obsidian-plugin
aleph,analytics,api,deno,graphql,graphql-queries,performance-metrics
graphql
allocator,gpu-allocator,vulkan
disk,macos-app,menubar-app,unmount,unmounting,unmounts-usb-drives,utility,volume,volumes
go,mtproto,tdlib,telegram
data-visualization,django,echarts,sql
dain,gui,ncnn,pytorch,rife,video-interpolation
neovim,rainbow-parens,tree-sitter
deep-learning,lstm,natural-language-processing,nlp,python,sentiment-analysis,sentiment-classification
curriculum,deep-learning,deep-neural-networks,tensorflow,tensorflow-course,tensorflow-tutorials,tensorflow2
aggressor-scripts,aggressorscript,cobalt-strike,cobaltstrike,plugin
algorithm,article,lightoj-solutions,problem-tutorials
haskell,json
maya-plugin,nxt,python
androidplayground,coroutines,coroutines-android,coroutines-flow,datastore,kotlin,kotlinextension,motionlayout,mvvm,mvvm-android,mvvm-architecture,paging,paging-library-in-android,paging3,retrofit2,room,room-database,room-persistence-library,sharedelementtransitions,singleactivityapp
javascript,localstorage,react,reactjs,styled-components,theme,theming,theming-system
gpu,ncnn,rife,video-interpolation,vulkan
rust,windows
chakraui,eslint,jest,nextjs,nextjs-starter,react,react-testing-library,reactjs,reactjs-boilerplate,starter-template,typescript
algorithms,datastructures-algorithms,dsa,placement,programming,react,showcase,typescript
azure,cloudflare,demo,deployment,netlify,serverless,vercel
artificial-intelligence,deep-learning,matrix-decomposition
bevy,game-jam
hackintosh,opencore
app-sync,aws,aws-amplify
gan,generative-model,inr
dynamic,express,hacktoberfest,hacktoberfest2020,node,node-js,nodejs,profile-previews,profile-readme,quote,quote-generator,readme-generator,readme-md,serverless
imle,multimodal,super-resolution
battery,conky,cpu,filesystem,gtk,gtk-rs,gtk3,mem,opacity,randy,rust,rust-lang,screenshot
json-editor,json-formatter,pwa
dubbo,envoyproxy,istiio,redis,servicemesh,thrift
docker,speed-test,speedtest
nodejs
async,async-rust,cryptography,kcp,kcptun,proxy,rust,smol,tunnel
color-scheme,colorscheme,syntax-highlighting,syntax-theme,theme,vim,vim-colors,vim-colorscheme
ant-design,mysql,spring-boot,vue
nachos,operating-system,pku
address,cold-emails,email,email-address,github
auto,autocheckin,autosignin,checkin,cloudgame,cookie,netease
vscode-extension
backtesting,portfolio-backtest,trading-strategy
expo,react,react-native,tabs,tabview
covid,covid19-data,slovakia
filecoin,gundb,ipfs,sdk,storage,textile
android,camera-api,es6,expo,flux-architecture,ios,javascript,react-native,rematch,splashscreen
ctf,ctf-tools,docker,minimal,penetration,penetration-testing-tools,security-vulnerability
characters,genshin,genshin-impact,images,impact,mihoyo
best-practices,examples,go,golang,interface,method,usage
python
animation,gl-transitions,glsl,lazy-loading,lazyload-images,react,transition-animation,transitions,webgl
application,application-framework,game,game-development,game-engine,gamedev,graphics-engine,image-processing,logitech-gaming,openal,openal-soft,opengl,visual-studio,win32,win32-cpp,winapi,windows,xinput
anomaly-detection,anomaly-localization,mvtec,unsupervised-learning
csharp,dotnet,mitre-attack,offensive-security,post-exploitation,powershell-scripts,python3,red-teams,redteam
clustering-algorithm,cocoapods,core,git-lfs,ios,sdk,swift,ui-interaction,xcode
crawler,devtool,extractor,galer,go,golang,spider,url-extractor,url-parser,waybackurls
paging-library,rust,terminal,tui
msckf,odometry,slam,slam-algorithm,slam-algorithms,state-estimation,state-estimation-algorithms,vio,visual-odometry
blog,blog-theme,hugo,hugo-theme
deploy,deployment-automation,devops,devops-tools,gitops,golang,helm,helm-release,kubernetes,yml
appsec,codelabs,freemarker,injection,jinja2,template,tornado,twig,velocity,vulnerable-web-app
attention-mechanism,pytorch,speech-synthesis,tacotron,text-to-speech,tts
jwt,mongodb,oauth2,spring-boot,spring-security
babel,component-loader,easy-to-use,html,nobuild,sfc,single-file-component,vue,vue3,vue3-sfc-loader,vuejs
dom,dom-diff,dom-parser,es6,html,html5,javascript,template,vue
cryptography,decryption,encryption,encryption-utility,small
animation,bottom-drawer,bottom-sheet,bottomsheet,dialog,drag-drop,draggableview,drawer,gesture-control,modal,overlay,popup,react,react-spring,sheet,tailwind-css,ux
animation,swiftui
compression,ntdll,ntfs,rtlcompressbuffer,wof,wofcompresseddata
cm4,cm4-matx,kicad,motherboard,pci,raspberry-pi
spring-analysis
2b2t,api,fabric,fabric-mod,fabricmc,fabricmc-mod,forge,forge-mod,gamesense-client,gui,java,library,minecraft,minecraft-forge,minecraft-forge-mod,minecraft-gui,minecraft-mod,utility-mod
infer,lizard,objective-c,oclint,sonar-objectivec,sonar-swift,sonarqube,sonarqube-ios,sonarqube-ob,sonarqube-plugin,static-analysis,swift,swiftlint
amongus,cheating,dll,game,il2cpp,internal,menu,proxy
guidelines,linter,specification
agile,extreme-programming,manifesto,productivity,solo,solo-developer,tdd
anki,obsidian,obsidian-plugin
android,android-application,bottomnavigationview,compose,composeanimation,coroutines,coroutines-flow,daggerhilt,declarative-ui,demo,hilt-android,jepackcompose,jetpackdatastore,lazygrid,multimodule,mvvm-architecture,navigation,password,sample
responsive-web-design,responsive-website,website-design
android,android-application,computer-vision,doc-scanner,document-scanner,opencv
hacker-news,remarkable-tablet
laravel,laravel-admin-panel,laravel-package,laravel-panel,livewire,php
columnar-storage,olap,postgres,postgresql,rust,rust-lang,vectorized-computation
architecture,dagger-hilt,datastore,flow,jetpack-compose,jetpack-navigation,kotlin-flow,navigation-components
alpine,android,benchmark,cpu,efficiency,energy
package-manager,zig
bert-model,causal-inference,causal-models,causal-spans,causality,conversations,dataset,dialogue-generation,dialogue-systems,emotion,emotion-cause,emotion-cause-pair-extraction,emotion-recognition,emotion-recognition-in-conversation,emotion-tasks,inference,natural-language-inference,reasoning,roberta
android,android-apps,android-dev-summit,android-developers,android-devices,android-ml,android-platform,android-security,android-sitemap,android-study,android-things,api-diffs,chrome-os,codelabs,jetpack,kotlin,learn-android,sitemap,wear-os
arduino,automotive,bus-monitoring,can,can-bus,can-fd,canbus,canfd,canutils,car-hacking,elm327,embedded,j2534,lawicel,logger,obd2,slcan,sniffer,socketcan,stm32
convnet,dataset,machine-learning,neural-networks,pytorch,research
android,androidlocation,flow,livedata
event-emitter,events,javascript,nest,nestjs,node,nodejs,typescript
aspnetcore,changedatacapture,debezium,debeziumkafkaconnector,kafka,microservices,outbox-pattern
hindi,india,indic-languages,kannada,malayalam,marathi,mt5,multilingual,nlp,tamil,telugu,transformer,transformers,translation
datasets,nlp,paper,summary,text-summarization
gnome,hugo,kde,sway,typescript,wayland,wayland-compositor,wayland-protocol
2b2t,anarchy,java,minecraft
charts,d3js,hiccup,visualizations
chess-game,games
coding-test,fast-campus,problem-solving
docker,grpc,grpc-gateway,microservice,microservice-demo,mongodb,nodejs,proxy-server,python,ruby,writing-microservices
docker,docker-compose,framework,golang,integration-testing
bot,bot-tiktok,followers-tiktok,free-bot,heart,heart-tiktok,tiktok,tiktok-api,tiktok-automation,tiktok-bot,tiktok-follow,tiktok-follow-bot,tiktok-followers,tiktok-followers-bot,tiktok-heart,tiktok-python,tiktok-scraper,tiktok-views,tiktokbot,views-bot
admission-webhook,go,golang,krew,kubectl,kubectl-plugin,kubernetes
cxx,cxx11,partial-sort,partial-sorting-algorithms,selection-algorithms,sorting-algorithms
digix,digix-cv,huawei,image-retrieval
http,http-proxy,https,https-proxy,mitm,mitmproxy
breadcrumbs,desktop-app,joplin,plugin,tabs
iot,lorawan,lpwan,network-simulation,simulation
node-js,scss,socket-io,vanilla-javascript,webgame,webrtc
laravel
deployment,digitalocean,heroku,phoenix,render
chinese,speech,tts
3dvision,point-cloud,registration
advanced-persistent-threat,advanced-persistent-threat-data,cyber-security,cybersecurity,infosec,iocs,malware,malware-analysis,malware-detection,malware-research,malware-sample,malware-samples,malwareanalysis,threat-hunting,threat-intel,threat-intelligence,threatintel,virus-scanning,viruses,virustotal
30daymapchallenge,cartography,maps,rspatial,rstats
ego,gin,go,grpc,http,microservice
brick,haskell,tui,typing-practice,websockets
meme,meme-generator,vibing-cat
cocos-creator,easy-to-use,egret,framework,game-dev,laya,monorepo-lerna,phaser,pixijs,typescript
attaching-headers,cookies,deno,framework,hacktoberfest,handlers,http,javascript,matcher,middleware,middlewares,register,router,server
data-science,data-visualization,keras,keras-tensorflow,knn-classification,linear-regression,logistic-regression,machine-learning,machine-learning-algorithms,matplotlib,naive-bayes-classifier,opencv,pandas,python,scikit-learn,seaborn,tensorflow
arbitrage,defi,ethereum,liquidation,mev,rust,web3
org-roam,zettelkasten
caravel,magic,openram,openroad,picorv32,sky130,yosys
custom-lighting,lighting,shader-graph,unity,urp
7060,bigsur,dell,efi,hackintosh,mff,opencore
accessory,automation,cli,daemon,easy-to-use,email,headless,json,low-code,npm,npmjs,smtp,software-as-a-service,typescript
language-models,open-knowledge-graphs
composer,parallel,scripts
ascii,ascii85,base64,emoji,json,unicode,uuencode
3bc-lang,arduino,language,punched-card,virtual-machine
database,docker,mongodb,mysql,postgres
ios,ios-widget,jsx,scriptable,scriptable-object,tsx,typescript,vscode,widget
cache,connection-pool,greenthread,http-client,http-server,java-nio,json,ldap,scala,tls,web,web-cache,web-filter,zio,zio-effects,zio-env,zio-environment,zio-fibers,zio-layers,zlayer
database,key-value-store,nim
css,font,gatsby,react,reactjs,web-fonts
auto-script,bilibili-lottery
elasticseach,kibana,wazuh
3d-graphics,graphics,net,samples,waveengine
css,dark-mode,dark-theme,tailwind,tailwindcss,tailwindcss-plugin
golang,kanban-board,project-management
fatfs,filesystem-libraries,lwext4,nintendo-switch,ntfs-3g,usb-msc
antd,best-practice,react,redux,redux-toolkit,todolist,typescript
colorization,computer-vision,deep-learning,gan,generative-adversarial-network,image-generation,image-processing,pytorch
flutter,fluttter-apps
legaltech,microservice,nlp
deep-ensemble,image-classification,splitnet
angular,ecommerce,graphql,headless,mybatis-plus,spring,spring-boot
caddy,fileserver,shadowsocks,trojan,vless,vmess,xray
dtw,dynamic-time-warping,soft-dtw,time-series
ascii,touch-typing,tui,typing,typing-practice
tailwindcss,tailwindcss2,typescript,vue3-tailwind2,vuejs,vuejs3
catalyst,ios,macos,xamarin
algebraic-effects,effects,functional-programming,javascript
android,android-image-crop,android-image-cropper,camera,canhub,cropper,gallery
android,malloc,memory,mmap,oom
bookmarks,labeling-tool,note-taking,note-taking-app,notes
vue,vue-composition-api,vue-demi,vue3
codesearch,datasette,datasette-io,datasette-plugin,ripgrep
parallax-scroll-document,r
immer,immutable,react,reactjs,state-management,typescript
codebase,human,parsing,person,pytorch,vehicle
enterprise-linux,rocky
analyzer,html,information-gathering,javascript,nodejs,osint,pentest,pentesting,person-profile,profile,python,reconnaissance,social-analyzer,social-media,username
cyberpunk,cyberpunk2077
computer-vision,machine-learning,matting,real-time
notifications,react,snackbar,toast-notifications
c-sharp,cpp,engine,flax,flax-engine,flaxengine,game-development,game-engine,gamedev,multi-platform
angular,deploy,deployment,deployment-automation,frontend,gatsby,getmeli,hosting,jamstack,meli,react,vue,webdev
2020,ai,artificial-intelligence,artificialintelligence,computer-vision,deep-learning,deep-neural-networks,deeplearning,list,machine-learning,machinelearning,paper,paper-references,papers,sota,sota-technique,state-of-art,state-of-art-general-segmentation,state-of-the-art,state-of-the-art-models
cpp17,high-performance,kv,kvstore,nosql,redis,rocksdb,tendis
gcp,gcpsketchnote,google-cloud,google-cloud-platform,googlecloud,googlecloudplatform,sketchnotes
content-blocker,ios-app,macos-app,safari-content-blocker,safari-extension,swiftui,swiftui-example
antd,antd-design,docker,go,golang,guacamole,rdp,react,ssh,vnc
bot,buying-shares,get-rich-slowly,ibkr,money,strategy,thetagang,trading-bot
api,data-science,deployment,fastapi,inference,machine-learning,mlops
3d-engine,engine3d,typescript,webgl,webgl2
customize,desktop-shortcuts,taskbar-group,ui
algorithms,algorithms-and-data-structures,amazon,aws,data-structures,datastructures,datastructures-algorithms,dream-company,dsa-for-free,faang,faang-interview,faang-preparation,google,interview,language,placement,placement-preparation,placement-preparation-portal,placements,technical-interviews
aws,awslambda,devops,infrastructure-as-code,terraform
cracking-the-coding-interview,gayle-laakmann-mcdowell,interview-practice,interview-preparation,interview-questions,python,python3
deep-learning,machine-learning,machine-learning-tutorials,pytorch,pytorch-ignite,pytorch-lightning,scikit-learn,sklearn,streamlit,template,tensorflow,webapp,website
csharp,dotnet,mvvm,steam,wpf
component-library,components,components-kit,kit,tailwind,tailwind-css,tailwind-kit,tailwindcss,tailwindui,template,templates,ui-components,uikit
css,css-in-js,tailwind,tailwind-in-js,tailwindcss
attention,attention-mechanism,deep-learning,gat,gat-tutorial,graph-attention-network,graph-attention-networks,jupyter,python,pytorch,pytorch-gat,pytorch-implementation,self-attention
productivity,vscode,web-development
api,translate,translation
analytics,automation,bloom,calendar,chat,cloud,drive,files,inbox,messaging,privacy,productivity,rust,self-hosted,self-hosting,vue,vuejs,workspace
brute-force,bruteforce,go,golang,ssh,ssh-bruteforce,ssh-client,ssh-server
continuous-profiling,find-bottlenecks,golang,linux,monitoring,observability,performance,profiling,pyroscope,python,ruby
bugbounty,cms,dorks,hacking,nuclei,pentest,raspberry,recon,scanner,ssrf,subdomain,vulnerabilities,xss
edge-devices,instance-segmentation,pytorch,real-time,realtime,yolactedge
automl,graph-neural-networks,hyper-parameter-optimization,pytorch,pytorch-geometric
raytracing,vulkan
es6,javascript,modern-javascript
overlay,ranked,valorant
epic-games,linux,play-games,proton
app,macos,swift,swiftui,xcode
dns,dns-client,doh
android-app,messaging,mobile-app,secure-messenger
architecture,csharp,design,design-patterns,designpatterns,dotnet,dotnet5,gof-patterns,oop,patterns,principles
nextjs,react,react-server-components,serverless,vercel
internationalization,ios,ios-localization,language,language-translation,localization,localization-editor,localization-tool,macos,macos-app,macos-localization,strings,strings-editor,translation,tvos,watchos,xcode
cloudflare,cloudflare-workers,database,emscripten,forex,serverless,sql,sqlite3,wasm
deep-learning,forecasting,pytorch,self-attention,time-series
deep-learning,kafka,machine-learning,mongodb,nodejs,streaming,tensorflow,tensorflowjs,tensorflowjs-models
flowchart,graph,graph-editor,mvvm,svg
css,css-compiler,svelte,tailwindcss,vuejs
code-push,dynamic-widget,flutter,flutter-fair
antforest,taojinbi
implicit-neural-representation,machine-learning,pytorch,super-resolution
cgroup,container-runtime,containers,linux-containers,lxc,unshare,vas-quod
browser,gtk,ios,javascript,macos,web,webkit
cyberpunk-2077,cyberpunk2077
instantsearch,typesense,typesense-instantsearch-adapter,typesense-showcase
album,images,labelers,media,photo,photos,storage
caffe,centernet,centerx,deep-learning,detectron2,fast-reid,object-detection,onnx,tensorrt
antivirus-evasion,av-evasion,bypassav,redteam,shellcode
hids,security
previews,swiftui,uikit,uiview,uiviewrepresentable,xcode
aria2-server,magnet,telegram-bot,websocket
css,html,javascript
addon,dungeon,enemies,route-planning,world-of-warcraft
audit,dynamic-analysis,laravel,performance,security,static-analysis
android,android-ar,ar,arcore,coroutines,hilt,jetpack-android,kotlin,mvvm,pokedex,pokemon,sceneform,skydoves
cantonese,cantonese-language,compiler,programming-language,python3
cms,notion,notion-api,notion-blog,notion-database,nuxt,nuxtjs,vue,vuejs
blog,hugo,landing,linux,rocky-linux,tailwind
computer-vision,object-detection
clash,naiveproxy,pac,shadowsocks,ss,ssr,v2ray,vless,vmess,winxray,xray
dotfiles,eww,widgets,xmonad
2020,2020-2021,github,github-api,graphql,javascript,lookback,react,stats,tech,tweets,wrapup,year,yearbook
detr,transformer,transformer-awesome,transformer-cv,transformer-with-cv,visual-transformer
expressvpn,fanqiang,free-vpn,lantern,lightyearvpn,nordvpn,vpn,vpn-client,vpn-server,vpn-service
lsp,neovim
angular,angular-library,snackbar,toast,toast-notifications,typescript
alternatives,amazon,apps,awesome,curated,facebook,google,list,messaging,microsoft,privacy,services
hotwire,laravel,turbo-drive,turbo-frame,turbo-stream
api,collection,generator,laravel-package,postman,route
capacitor,ionic,ionic-framework,nextjs,react,tailwind,tailwind-css
bbs,community,developers,forum,java,markdown,sns
atomikos,consul,dubbo,dubbo-http,grpc,jedis,nacos,ribbon,rpc,seata,sharding-jdbc,springboot,springcloud,tcc,thrift
babel,js,micro-frontend-framework,microfrontends,react
3d,classification,deep-learning,detection,flexible,keypoints,pytorch,research,segmentation,self-supervised-learning
ai,machine-learning,nlp,python
collaboration,ida,ida-pro,lumen,lumina,reverse-engineering
deepspeed-library,gpt-3,language-model,transformers
ci-cd,code-inspection,qodana
card,cards,cards-stars,dev,free,github,gratis,modelo,perfil,profile,readme,repositorio,repository,stars,template
audio,cms,django,media,mediacms,open-source,react,rest-api,self-hosted,sharing,video,video-sharing
checkin,docker,github-actions,python3,scf,sign
cli,golang,oauth2
debugging,debugging-tool,python,python3
mozart,music,music-sheet,music-sheet-reading,neural-network,omr,opencv,optical-character-recognition,optical-music-recognition,reader,skimage,sklearn
finance,quantitative-finance,stock-market,trading-algorithms
cbow,cpp,skipgram,word-embeddings,word2vec
cli,color-scheme,colors,command-line-tool,palettes,python,terminal-based,terminal-colors
bigdata,graph,gremlin,hadoop-gremlin,janusgraph
boilerplate,boilerplate-html,css3,html5,minimal,responsive,responsive-design,starter-kit,starter-project,starter-template
cloudrun,serverless,vault
ios,messaging,mobile-app,secure-messenger
deep-learning,guitar,keras-tensorflow,machine-learning
python,timetracker
cli,command-line-app,fileformat,klog,plain-text,time-tracking
amongus,impostor,mod,sheriff
career-development,engineer-competency,engineer-level,engineer-rank,software-engineer
axios-mapper,composition-api,dotenv-cli,echats,element-plus,koa2,sass,typescript,vue-element-admin,vue-i18n-next,vue-router-next,vue3,vue3-admin,vuex4
chinese,gpt2,news-summarization,nlp,text-generation,torch,transformer
android,anti-anti,anti-anti-frida,anti-detection,anti-frida,frida,strongr-frida-android
artificial-intelligence,attention-mechanism,deep-learning,protein-folding
android,android-development,java,jetpack-android,kotlin,kotlin-android
ai,artificial-intelligence,baseball,data-science,deep-learning,machine-learning,object-detection,pitch,pose-estimation,sport,yolov4
exp,poc
3d-face,bounding-box-labels,face-alignment,face-detection,face-pose-estimators
golang,tmux
disk-usage,docker,python
automation,bruteforce,dirb,dirbuster,dirsearch,execution,generation,gobuster,hacking,hacking-tool,nikto,nmap,penetration-testing,pentesting,python,report,scanner-web,webmap,wordlist
apt-attacks,forensic-analysis,incident-response,purpleteam,python3,threat-hunting,windows-event-logs,windows-eventlog
driver,exploit-development,exploitation,ios,kernel,macos,memory-corruption,vulnerabilities,xnu
handel,music-composition,procedural-programming-language,programming-language,tonejs
cmark,commonmark,markdown,swift,swiftui
automation,pentest,poc,sqlinjection,vulnerability,vulnerability-scanners,xss
address-space,hilbert-curve,kernel-dump,space-filling-curves,windows
gson,gson-adapter,gson-converter,gsonadapter
cli,git,go,golang
autograd,awesome,awesome-list,deep-learning,jax,machine-learning,neural-network,numpy,xla
awesome,awesome-list,badges,career,certificate,courses
element-ui,java,mysql,ruoyi,ruoyi-vue,sql,vue
apple,censorship,freedom
android,customview,indicators,library,speedometer
django,hotwire,hotwire-turbo
awesome,combine,swift,swiftui
automation,email-marketing,nodejs,scheduled-messages,typescript
centos,linux,oracle,oracle-linux,switch
gtk,ime,input-method,kime,korean,qt,wayland,x11
floating-point,high-performance,parser,rust
home-assistant,home-assistant-addons,light,miot,miot-protocol,sensor,switch
activity,appcompatactivity,databinding-viewbinding,delegate,fragment,kotlin,recyclerview
ecs,entity-component-system,game-development,game-engine,gamedev
chrome,xuexi-qiangguo,xuexiqiangguo
disposable,email,go,smtp,validation,verification,verifier
c,test-automation
css,scss,ui-design,windows-7
example,fastify,nodejs
lua,lualine,neovim,neovim-lua,neovim-plugin,neovim-statusline,nvim,statusline
css3,html5,landing-page,website-design,website-template
data-science,json,jsonpath,prototyping,swift
hook,hooks,javascript,react,react-hooks,react-stepper,react-use,react-use-stepper,react-use-wizard,react-wizard,reactjs,stepper,typescript
artificial-intelligence,attention-mechanism,deep-learning,point-cloud
bookmark,navigation,php
kdl,serialization
gpu,linkis,machine-learning,ml,multi-tenant-management,notebook
editor,ios,macos,metal,realtime-preview,shader,textures
animated,bubble-chart,dataviz,map,politics,rstats,switzerland
android,automation
attention,graph-deep-learning,graph-neural-networks,graph-transformer,transformer,transformers
common-lisp,dark-theme,emacs,emacs-initialization,emacs-lisp,minimalist,paredit,rainbow-delimiters,sbcl,slime
golang,kubernetes,kubernetes-webhook,mutating-webhook
cpp,interpreter,language,lisp
autoencoder,complementary,frequency,frequency-analysis,frequency-domain,gan,generative-adversarial-network,generative-models,generic,image-generation,image-manipulation,loss,loss-function,pix2pix,spade,variational-autoencoder
boilerplate,boilerplate-template,react,reactjs,tailwind,tailwindcss,webpack
dom,ssr,web
common-lisp,gui,html-bindings,webframework
discord,discord-api,discord-py,discord-slash-commands,python
computer-vision,deep-learning,image-restoration,image-super-resolution,javascript,madewithtfjs,nodejs,tensorflow,tensorflow2,tfjs
debuglog,kotlin-compiler-plugin,kotlin-ios,kotlin-js,kotlin-multiplatform,kotlin-native
build,developer-tools,distribute,package,packaging,pypi,python,python3,release,sail,sailboat,ship,tool,wizard
actions,helper,issue,issue-labels,issues
api,async,asyncio,code-generation,crud,crud-routes,fastapi,fastapi-crudrouter,framework,python,python3,redoc,rest,sql,swagger-ui,web
typescript
bert,deep-learning,longer-sequences,nlp,transformer
bed,gh-pages,images,picgo,picpic,picture
crd-controller,javascript,kubernetes,retrogames
libphonenumber,phone,phone-number,phonelib,ruby
dart,dart-package,mock,mocking,mockito,mocks,testing
bash,bash-alias,bash-script,cat,funny
community,data-science,python,twitch,visualization
awesome,awesome-list,best-of,best-of-list,collection,lists
controls,cupertino,drawn,drawn-controls,fluent,material,xamarin,xamarin-forms
aks,automation,aws,azure,containers,docker,eks,gcp,gke,informationsecurity,infosec,kubernetes,security,security-audit,security-tools
android,animation,customview,horizontal,kotlin,progress,progressview,tile
ad,adblock,adblocker,aderaser,ads,betterttv,block,bttv,chrome-extension,extension,ttv,ttvaderaser,twitch,ublock,ublock-origin
lol,script,teamfight-tactics
animation,framer-motion,portfolio,react,tailwindcss,template
desktop,home-assistant,mqtt,service
aaai2020,artificial-intelligence,computer-graphics,computer-vision,cv,deep-learning,deep-neural-networks,eccv,eccv2020,iccv,iclr2020,icml-2020,ieee,neurips-2020,nips-2020,paper,paper-references,papers,research,research-paper
apache-flink,flink,flink-sql,sql,stream-processing
algorithms,andrew-ng,backpropagation,bias-variance,cnn,coursera,data-analysis,data-science,deep-learning,deeplearning,hyperparameter-optimization,machine-learning,neural-network,notes,overfitting,sequence-models,statistics,summary,tensorflow
go,golang,terminal,typing,typingtest
javascript,react,typescript,vue
bugbounty,bugbounty-tool,hacking,hacking-tool,python,recon
cms-wordpress,cve,golang,hacking,hacking-tool,recon,tool,vuln,vuln-scan,vulnerability-recognition,wordpress,wordpress-,wordpress-plugin,wordpress-recon,wordpress-security,wordpress-theme,wprecon
aws,aws-ecs,aws-lambda,docker,lambda,serverless
animations,gestures,react,react-native,react-native-redash,reanimated2
hyperbee,hypercore,hyperdrive,hyperspace,p2p
bootstrap,bootstrap-5,express,expressjs,mern,mern-stack,nodejs,react,reactjs
clang,debugging,drivers,kernel,live-coding,livedeb,lld,lldb,llvm,windows
deep-neural-networks,instance-segmentation,mmdetection,mscoco,object-detection
api,fastapi,python
compiler,koto,language,programming-language,rust,scripting-language
3d,chemical,periodic-table,visualization
chess,chess-ai,chess-engine,chessboard,javascript
php,php-fpm,swoole,swoole-debugger
boilerplate,composition-mode,docker,docker-compose,express,mongodb,nginx,nodejs,oauth,open-authenticator,react,react-hooks,uikit
clipboard,copy-paste,curl,golang,nopaste
golang,multiplexer,shadowsocks,shadowsocks-aead
2020,developer,git,github,github-api,github2020,streamlit,streamlit-webapp,twitter,year
computer-vision,numpy,pencil-drawing,python3,pytorch
covid-19,deep-learning,medical-image-analysis,medical-imaging,pytorch,radiography,x-ray
antigen,awesome,clipboard,command-line-tool,keybinding,like,oh-my-zsh,shell,shell-scripts,surround,terminal,vi-keybinds,vi-mode,vim,zgen,zinit,zplug,zsh,zsh-plugin,zsh-plugins
billing-model,conversion,converter,cost-optimization,ec2,ec2-on-demand,ec2-spot,ec2-spot-instances,spot,tool
attention-mechanism,ctc,deep-learning,ocr,pytorch-implementation,scene-text-recognition,text-recognition
aarch64,apple-silicon,arm64,java,m1-chips,m1-macbook-air,macos,maven
friendlyarm,nanopi-r4s,openwrt,r4s
obsidian-plugin
automation,deno,headless-chrome,puppeteer,testing,web
react,react-three-fiber,shaders,threejs
netty,protostuff,rpc,spring,zookeeper
dasboard
apple,go,golang,m1,virtualization
monitoring,monitoring-tool,nodejs,real-time
audio-processing,e131,esp8266,led-strips,microphone,music-visualizer,python,qlc,raspberry-pi,react,webinterface
privacy,privacy-protection,privacy-tools
security,stack,stack-strategies
cross-platform,deep-linking,electron,flipper,i18next,jest,react-native,react-native-web,react-navigation-v5,redux-toolkit,typescript,ui-themes,webpack-5
cloudflare,grpc,grpc-go,sip003,tunnel
fzf,neovim-lsp,neovim-lua,neovim-plugin
fzf,neovim-lsp,neovim-lua,neovim-plugin
artificial-intelligence,computer-vision,deep-learning,imitation-learning,manipulation,openai-gym,pick-and-place,pybullet,rearrangement,reinforcement-learning,robotics,tensorflow,transporter-nets,vision
awesome,aws,go,lambda,stars
cli,cli-app,cli-tool,command-line-tool,credentials,golang,qr,qr-generator,qrcode,qrcode-generator,terminal,utility,wifi,wifi-password
audio,composition-api,hooks,sound,vue,vue-composable,vue3
component,components,components-library,framework,swift,swiftui
annotations,emacs,minibuffer
android,android-library,calendar-view,custom-view,progressview,task,task-list
cli,code-analysis,complexity,rust
automated-testing,automation,bookmarklet,chrome,chrome-extension,chromedriver,extensions,html5,javascript,katalon,opensource,paint,python3,recorder,scraper,selenium,selenium-python,selenium-tests,selenium-webdriver,web-scraping
pyspark,spark
coco-dataset,computer-vision,object-detection
instantsearch,typesense,typesense-instantsearch-adapter,typesense-showcase
java,payment,spring-boot,wechat-app,wechat-pay,wechat-sdk
tues-pay
bpf,ebpf,linux,monitoring,observability,socket,tcp,tool
go,golang,golang-package,golden,testing
analytics,application,artificial-intelligence,data-science,desktop-app,gui,machine-learning,python,windows
cfetch,neofetch,pfetch,screenfetch,shell,tui,ufetch
firebase,flutter,flutter-apps,flutter-examples,social,social-media,social-network,socialmedia,ui,uikit
rust,snowflake,sonyflake,unique-id
algorithm-schema,automation,crawling,curl,google-dorks,grawler,osint,osint-tool,php,proxy,scraping,xampp
api,graphql,gui-application,javascript,metrics,monitoring,schemas
composer,laravel,social-proof
controller,controller-runtime,crd,kubernetes
arduino,esp32
ctf,cve,cve-2018-19571,cve-2018-19585,cve-2020-10977,exploit,gitlab,gitlab-rce,lfi,rce
ajuda,ajudando,devs,ensinando,iniciante,iniciantes,iuricode,obejtivo
cli,fontforge,fonts,handwriting,python,typography
android,android-exceptions,androidcrash,cglib,crash-reporting,exception-handling
magento2-module
component,infinite,list,loading,plugin,scroll,svelte,svelte-components,virtual
dashboard,kafka-cluster,kafka-monitoring-dashboards,metrics,monitoring
chrome-extension,copy-paste,edge-extension,firefox-addon
airflow,airflow-operators,data-engineering,data-monitoring,data-observability,data-pipeline-monitoring,data-quality,data-quality-monitoring,data-science,data-testing,data-unit-tests,dataquality,dbt,observability,pandas-profiling,python
bubble,bubbles,neovim,nvim,plugin,statusline
css,css-notes
architecture,haskell
dependency-injection,microsoft-extensions,roslyn,roslyn-generator,singleton-service,source-generators
android,hierarchy,inspector,layoutinspector,ui,ui-inspector,uinspector,viewinspector
drag,org,tree
dartlang,editor,flutter,flutter-package,quill,quill-delta,quilljs,reactquill,rich-text,rich-text-editor,wysiwyg,wysiwyg-editor
channels,concurrency,deadlock,done,go,golang,goroutine,multithreading
conventional-commits,nx-plugin,semver
color,color-gradient,color-scales,colormap,visual-encoding,visualization
copy-paste,data-augmentation,deep-learning,instance-segmentation,object-detection
logo,logos,stack,techlogos,technology,techstack
aws,clusters,ecs,golang-application,terminal,tview
javascript,nodejs
gio,mirror
dsl,graphql,nodejs,typescript
macos,swift,swiftui
artificial-intelligence,attention-mechanism,deep-learning,tabular-data,transformer
base-ui,baseui,react-native,react-native-macos,react-native-web,react-native-windows
bug-bounty,bugbounty,bugreport,hacke-rc,information-gathering,information-gathering-tools,information-retrieval,open-source,osint,osint-python,osint-resources,osint-tool,web-osint,webdork,webhacking
msix,ocr,window-10,wpf
geometry-processing
http-flv,http-hls,live,rtp,rtsp,websocket-flv
among-us,bepinex,mod
blackhat,chunked-encoding,content-length,defcon27,desync-attack,http-request-smuggling,portswigger,python3,smuggling,transfer-encoding
cuda,gpu,julia,multi-gpu,multi-xpu,parallel,staggered-grids,stencil-codes,xpu
gateway,nacos,netty,springwebflux
decentralized,golang,imageboard,ipfs,peer-to-peer
portal,react,react-native
clojure,game-development,game-engine,game-engine-3d,jmonkeyengine,jmonkeyengine3,lisp
desktop,iso-overlay,iso-profile,manjaro,swaywm
css,dependency-free,easygrid,filter,filtering,frontend,grid,html,javascript,javascript-library,layout,library,masonry-layout,pure-javascript,responsive,responsive-design,vanillajs
jackett,k8s,kubernetes,kubernetes-operator,linuxserver,mediaserver,operator,operator-sdk,plex,radarr,sonarr,transmission
dowload-images,followers,following,python,save-image,scrape,scrape-followers,scrape-following,scrape-images,scrape-likes,scrape-tweets,scraper,scraping,selenium-webdriver,tweets,twitter,twitter-scraper
advent-of-code,advent-of-code-2020
base,kotlin,viewbinding
design,quasar,quasar-framework,quasar-sika,quasar-sika-design,sika-design,vue,vue-admin,vue-admin-template,vue2
debugging,hypervisor-debugging,tools,vmware,vmware-backdoor,vmware-workstation
3d-object-detection,autonomous-driving,cia-ssd,point-cloud-detection,single-stage-detector
adobe,alternatives,android,apps,google,instagram,list,microsoft,privacy,twitter,whatsapp
library,react,reactjs,tailwind,tailwindcss,ui,uikit
mindustry-command,mindustry-mod,mindustry-mod-v6
comicrack,database,manga,manga-tagger,metadata,mongodb,python,python3,tagger
ast,go,go-package,golang,reflect,repr,tostring,valast
puppeteer,whatsapp,whatsapp-bot,whatsapp-userbot,whatsapp-web,whatsbot
apache-kafka,chartjs,confluent,ksqldb,react,websocket
apple-silicon,arm64,linux,macos,macos-big-sur,qemu,virtualbox,virtualization,vmware,vmware-fusion
c,websocket,websocket-library,websocket-server
c2-implants,red-team
auto-maker,maker-classification,mix,yolov3-yolov4-yolov5,yolov5
helm,kubernetes,quarkus,rancher,rancher-architecture,rancher-kubernetes-engine,vue
aaai2021,cutmix,data-augmentation,fine-grained-recognition,mixup
cybersecurity,dfir,forensics,incident-response,osquery,threat-hunting
chaos-engineering,chaos-monkey,php,quality-assurance,symfony,symfony-bundle
11ty,eleventy,jamstack,netlifycms,tailwindcss
cdk,component,components,framework,frontend,pro,typescript,ui,ui-components,vue,vue3
neovim,scrollbar,scrollview,vimscript
autocomplete,dropdown,javascript,multiselect,select,vue,vue-select,vue2,vue3,vueselect
beginner,ebook,learning-by-doing,python
ai,cv,deep-learning,graph,maching-learning,neural-language-processing,neural-network,nlp,recommender-system,speech-recognition
db2,firebird,mysql,odbc,postgresql,sql,sqlite
ai,deep-learning,deep-neural-networks,graphcore,ipu,machine-learning,pytorch
korean,korean-nlp,kss,nlp,sentences,split-sentences
anime,bot,chatbot,discord-bot,discord-bots,discord-js,discord-music-bot,javascript,music,utility
shaderlab,shaders,unity
etl,javascript,laravel,php,workbench
horizontal,horizontal-scrolling,layouts,list-layouts,listview,nuxtjs,spa,ssg,ssr,vue,vue-horizontal,vuejs
backend,expressjs,frontend,mongodb,nodejs,reactjs,trf
scraper
swift,swiftui,swiftui-discussions,swiftui-learning
3d-cnn-architecture,backbone-networks,efficient-model,temporal-modeling,video-understanding,vov3d,vovnet
emacs,note-taking,org-mode,org-roam
emacs,emacs-package,screenshots
css,javascript,react,ui,ui-design,ui-kit
cheat-sheets,cheatsheet,reference,snippets
chakra-templates,chakra-ui,react,templates
bot,discord,discord-bot,discord-bot-template,discord-slash-bot,discord-slash-commands,discordbot,discordjs
angular,forms,queryparams,synchronization
correction,data-integrity
android,apollographql,graphql,graphql-client,hilt,ios,jetpack-compose,kotlin,kotlin-multiplatform,multiplatform,swift,swiftui
dom-api,dom-manipulation,html,hyperscript,javascript,jsdom,node,node-js,node-module,nodejs,ssg,static-site-generator
csharp,dotnet-core,message-bus,message-queue,message-transport,saga,saga-pattern,saga-state-persistence
gem,rails,routes,ruby
aws,deepracer,machine-learning,reinforcement-learning,reward-functions
asynchronous,completablefuture-api,filter,h2c,haproxy,http2,https,httpserver,interceptor,jaxrs,lightweight,netty,serialization,springmvc,thread-scheduling
remark,remark-plugin
home-assistant,miio,miot,miot-spec,smart-home,xiaomi,xiaomi-miot
cyberpunk,cyberpunk-2077,cyberpunk-mods,cyberpunk2077,mods
bert-model,causal-inference,causal-models,causal-spans,causality,conversations,dataset,dialogue-generation,dialogue-systems,emotion,emotion-cause,emotion-cause-pair-extraction,emotion-recognition,emotion-recognition-in-conversation,emotion-tasks,inference,natural-language-inference,reasoning,roberta
artificial-intelligence,bootstrap,css,data-science,guidence,hml,interesting,iot,java,javascript,jypyternotebook,machine-learning,mentoring,php,programming-language,project-management,projects,python,python3,tkinter-gui
dataset,extended-summarization,language-generation,summarization-corpora,text-summarization
as-prop,polymorphism,react,typescript
automl,bayesian-optimization,blackbox-optimization,hyperopt,hyperparameter-optimization,machine-learning,multi-fidelity,optimization,python
capsule-network,computer-vision,deep-learning
floating,lua,neovim,nvim,plugin,terminal,window
3d-deep-learning,3d-detection,autonomous-driving,object-detection,point-cloud,pytorch
firered,pokemon,programming-question
alacritty,alacritty-config,alacritty-theme,alacritty-theme-changer,nerd-fonts,python
app,civic-tech,react-native,school-education
computer-vision,tensorflow2,tflite,tinyml
awesome-list,list,mac,macos,macosx,software
cobra,go,golang,grafana,grafana-dashboard
auto-drive,completion,lidar-point-cloud,lidar-segmentation,point-cloud,segmentation,semantic-scene-completion,semantickitti,semanticposs
linux,opengl,opengl-loader,single-header-lib,win32,windows,x11
go,golang,heart,http,http-server,lua
reverse-engineering,syscall,sysenter,windows-internals
compose,kotlin,kotlin-js,kotlin-multiplatform
obsidian,obsidian-md,obsidian-theme
ethereum,language,scribble,smart-contracts,solidity
editor,game-development,gamedev,mapeditor,reactjs,rust,rustwasm,tilemap,wasm,web-application
deep-learning,explainable-ai,pytorch,transformer,vision-transformer
emacs,icons,svg
dubbo,java,spring,springboot,springcloud,springsecurity
cli,containers,dependency-manager,fedora,golang,linux,podman,redhat
crawlergo,crawlergo-xray,dirsearch,docker,hscan,jsfinder,jsfinder-nmap-nikto,nmap,oneforall,scaner,src,xray
database,natural-language-interface,natural-language-processing,pytorch,semantic-parsing,text-to-sql
bundler,javascript,jsx,nodejs,npm
bytecode,interpreter,scripting-language
markdown,neo4j,obsidian-md,obsidian-plugin
go,hackclub,ssh
api,gateway,graphql,graphql-gateway,graphql-portal,typescript
h2c,haproxy,http2,https,httpserver,netty
android-ble,android-ble-client,ble,ble-client,bluetooth-low-energy,gatt-client
sonic-pi
cbnsq,fastcgi,http,mysql,nsq,nsq-client,nsqproxy-nsq-worker,vue
api,asyncio,bilibili,fastapi,netease-cloud-music,pixiv,python,qrcode-generator,saucenao-api
actions
ctcgfw,friendlyarm,nanopi,nanopi-r4s,openwrt-firmware,project-openwrt,r4s
laravel,mailboxlayer
boot,initramfs,linux
builder-okhttpclient,gradle,okhttp,okone-okhttp
amd,deno,graphic-card,jingdong,nvidia,rtx3070,rtx3080
artificial-neural-networks,convolutional-neural-networks,deep-learning,deep-neural-networks,feedforward-neural-network,neural-networks,python3,recurrent-neural-networks,tensorflow2
cheatsheet,cli,command-line,git
aab,android,apk,bootstrap,compiler,java,ndk,sdk,v,vlang
adafruit,arduino,hexapod,javascript,johnny-five,nodejs,react,robot,robotics
bug-reporting,diagnostics,rust
event,handler,hotkey,keyboard,shortcut
6502-assembly,assembly,c64,c64-game,disassembly,game,jeff-minter,vice
colorization,computer-vision,deep-learning,gan,generative-adversarial-network,image-generation,image-processing,pytorch
apple-silicon,arm,ffmpeg
bbs,community,goframe,mvc,orm,template
broker,hermes,mqtt
caddy,fileserver,shadowsocks,trojan,vless,vmess,xray
artificial-intelligence,deep-learning,film,generative-adversarial-network,nerf
editor,export-templates,game-engine,godot-engine,raspberry-pi
jupyter,jupyter-notebook,jupyterlab,jupyterlab-extension,notebook
termux-whatsapp-bot,whatsapp-bot
feature-engineering,go,machine-learning
disassembler,game-boy,gameboy-roms
assembly,basm,birtual-machine,virtual-machine
minecraft,minecraft-api,minecraft-mod,minecraft-modding
algebraic-effects,effects,functional-programming,javascript
auto-pwe,bspwm,customization,customize,environment,linux,s4vitar,shell,work
cheetsheet,lua,neovim,neovim-plugin,popfix
dark,dark-mode,dark-resources,dark-theme,theme,theme-modes,theme-ui
chrome,edge,firefox,ie,ios,macos,safari,swift,user-agent
bayesian-inference,hamiltonian-monte-carlo,probabilistic-programming,sampling-methods
dependency-parsing,multi-task-learning,named-entity-recognition,ner,pos-tagging,vietnamese-nlp
discord-api,speechkit,yandex
rstats,visualization
apollo-client,backend,boilerplate,dashboard,graphql,material-ui,mysql,nextjs,nexus,prisma,react,reactjs,typescript
income,token,ubi,universal-basic-income
compositional,pose-estimation
2020,bdci,ccf,ner
game-engine,rpg-game,rpg-maker
color-scheme,color-surface-branding,colorscheme,dark-themes,dart,flex-family,flex-package,flutter,flutter-package,flutter-theme,flutter-ui,flutter-widget,material-design,package,theme,theme-colors,theme-mode
