enterprise-linux,rocky
analyzer,html,information-gathering,javascript,nodejs,osint,pentest,pentesting,person-profile,profile,python,reconnaissance,social-analyzer,social-media,username
cyberpunk,cyberpunk2077
computer-vision,machine-learning,matting,real-time
notifications,react,snackbar,toast-notifications
c-sharp,cpp,engine,flax,flax-engine,flaxengine,game-development,game-engine,gamedev,multi-platform
angular,deploy,deployment,deployment-automation,frontend,gatsby,getmeli,hosting,jamstack,meli,react,vue,webdev
2020,ai,artificial-intelligence,artificialintelligence,computer-vision,deep-learning,deep-neural-networks,deeplearning,list,machine-learning,machinelearning,paper,paper-references,papers,sota,sota-technique,state-of-art,state-of-art-general-segmentation,state-of-the-art,state-of-the-art-models
cpp17,high-performance,kv,kvstore,nosql,redis,rocksdb,tendis
gcp,gcpsketchnote,google-cloud,google-cloud-platform,googlecloud,googlecloudplatform,sketchnotes
content-blocker,ios-app,macos-app,safari-content-blocker,safari-extension,swiftui,swiftui-example
antd,antd-design,docker,go,golang,guacamole,rdp,react,ssh,vnc
bot,buying-shares,get-rich-slowly,ibkr,money,strategy,thetagang,trading-bot
api,data-science,deployment,fastapi,inference,machine-learning,mlops
3d-engine,engine3d,typescript,webgl,webgl2
customize,desktop-shortcuts,taskbar-group,ui
algorithms,algorithms-and-data-structures,amazon,aws,data-structures,datastructures,datastructures-algorithms,dream-company,dsa-for-free,faang,faang-interview,faang-preparation,google,interview,language,placement,placement-preparation,placement-preparation-portal,placements,technical-interviews
aws,awslambda,devops,infrastructure-as-code,terraform
cracking-the-coding-interview,gayle-laakmann-mcdowell,interview-practice,interview-preparation,interview-questions,python,python3
deep-learning,machine-learning,machine-learning-tutorials,pytorch,pytorch-ignite,pytorch-lightning,scikit-learn,sklearn,streamlit,template,tensorflow,webapp,website
csharp,dotnet,mvvm,steam,wpf
component-library,components,components-kit,kit,tailwind,tailwind-css,tailwind-kit,tailwindcss,tailwindui,template,templates,ui-components,uikit
css,css-in-js,tailwind,tailwind-in-js,tailwindcss
attention,attention-mechanism,deep-learning,gat,gat-tutorial,graph-attention-network,graph-attention-networks,jupyter,python,pytorch,pytorch-gat,pytorch-implementation,self-attention
productivity,vscode,web-development
api,translate,translation
analytics,automation,bloom,calendar,chat,cloud,drive,files,inbox,messaging,privacy,productivity,rust,self-hosted,self-hosting,vue,vuejs,workspace
brute-force,bruteforce,go,golang,ssh,ssh-bruteforce,ssh-client,ssh-server
continuous-profiling,find-bottlenecks,golang,linux,monitoring,observability,performance,profiling,pyroscope,python,ruby
bugbounty,cms,dorks,hacking,nuclei,pentest,raspberry,recon,scanner,ssrf,subdomain,vulnerabilities,xss
edge-devices,instance-segmentation,pytorch,real-time,realtime,yolactedge
automl,graph-neural-networks,hyper-parameter-optimization,pytorch,pytorch-geometric
raytracing,vulkan
es6,javascript,modern-javascript
overlay,ranked,valorant
epic-games,linux,play-games,proton
app,macos,swift,swiftui,xcode
dns,dns-client,doh
android-app,messaging,mobile-app,secure-messenger
architecture,csharp,design,design-patterns,designpatterns,dotnet,dotnet5,gof-patterns,oop,patterns,principles
nextjs,react,react-server-components,serverless,vercel
internationalization,ios,ios-localization,language,language-translation,localization,localization-editor,localization-tool,macos,macos-app,macos-localization,strings,strings-editor,translation,tvos,watchos,xcode
cloudflare,cloudflare-workers,database,emscripten,forex,serverless,sql,sqlite3,wasm
deep-learning,forecasting,pytorch,self-attention,time-series
deep-learning,kafka,machine-learning,mongodb,nodejs,streaming,tensorflow,tensorflowjs,tensorflowjs-models
flowchart,graph,graph-editor,mvvm,svg
css,css-compiler,svelte,tailwindcss,vuejs
code-push,dynamic-widget,flutter,flutter-fair
antforest,taojinbi
implicit-neural-representation,machine-learning,pytorch,super-resolution
cgroup,container-runtime,containers,linux-containers,lxc,unshare,vas-quod
browser,gtk,ios,javascript,macos,web,webkit
cyberpunk-2077,cyberpunk2077
instantsearch,typesense,typesense-instantsearch-adapter,typesense-showcase
album,images,labelers,media,photo,photos,storage
caffe,centernet,centerx,deep-learning,detectron2,fast-reid,object-detection,onnx,tensorrt
antivirus-evasion,av-evasion,bypassav,redteam,shellcode
hids,security
previews,swiftui,uikit,uiview,uiviewrepresentable,xcode
aria2-server,magnet,telegram-bot,websocket
css,html,javascript
addon,dungeon,enemies,route-planning,world-of-warcraft
audit,dynamic-analysis,laravel,performance,security,static-analysis
android,android-ar,ar,arcore,coroutines,hilt,jetpack-android,kotlin,mvvm,pokedex,pokemon,sceneform,skydoves
cantonese,cantonese-language,compiler,programming-language,python3
cms,notion,notion-api,notion-blog,notion-database,nuxt,nuxtjs,vue,vuejs
blog,hugo,landing,linux,rocky-linux,tailwind
computer-vision,object-detection
clash,naiveproxy,pac,shadowsocks,ss,ssr,v2ray,vless,vmess,winxray,xray
dotfiles,eww,widgets,xmonad
2020,2020-2021,github,github-api,graphql,javascript,lookback,react,stats,tech,tweets,wrapup,year,yearbook
detr,transformer,transformer-awesome,transformer-cv,transformer-with-cv,visual-transformer
expressvpn,fanqiang,free-vpn,lantern,lightyearvpn,nordvpn,vpn,vpn-client,vpn-server,vpn-service
lsp,neovim
angular,angular-library,snackbar,toast,toast-notifications,typescript
alternatives,amazon,apps,awesome,curated,facebook,google,list,messaging,microsoft,privacy,services
hotwire,laravel,turbo-drive,turbo-frame,turbo-stream
api,collection,generator,laravel-package,postman,route
capacitor,ionic,ionic-framework,nextjs,react,tailwind,tailwind-css
bbs,community,developers,forum,java,markdown,sns
atomikos,consul,dubbo,dubbo-http,grpc,jedis,nacos,ribbon,rpc,seata,sharding-jdbc,springboot,springcloud,tcc,thrift
babel,js,micro-frontend-framework,microfrontends,react
3d,classification,deep-learning,detection,flexible,keypoints,pytorch,research,segmentation,self-supervised-learning
ai,machine-learning,nlp,python
collaboration,ida,ida-pro,lumen,lumina,reverse-engineering
deepspeed-library,gpt-3,language-model,transformers
ci-cd,code-inspection,qodana
card,cards,cards-stars,dev,free,github,gratis,modelo,perfil,profile,readme,repositorio,repository,stars,template
audio,cms,django,media,mediacms,open-source,react,rest-api,self-hosted,sharing,video,video-sharing
checkin,docker,github-actions,python3,scf,sign
cli,golang,oauth2
debugging,debugging-tool,python,python3
mozart,music,music-sheet,music-sheet-reading,neural-network,omr,opencv,optical-character-recognition,optical-music-recognition,reader,skimage,sklearn
finance,quantitative-finance,stock-market,trading-algorithms
cbow,cpp,skipgram,word-embeddings,word2vec
cli,color-scheme,colors,command-line-tool,palettes,python,terminal-based,terminal-colors
bigdata,graph,gremlin,hadoop-gremlin,janusgraph
boilerplate,boilerplate-html,css3,html5,minimal,responsive,responsive-design,starter-kit,starter-project,starter-template
cloudrun,serverless,vault
ios,messaging,mobile-app,secure-messenger
deep-learning,guitar,keras-tensorflow,machine-learning
python,timetracker
cli,command-line-app,fileformat,klog,plain-text,time-tracking
amongus,impostor,mod,sheriff
career-development,engineer-competency,engineer-level,engineer-rank,software-engineer
axios-mapper,composition-api,dotenv-cli,echats,element-plus,koa2,sass,typescript,vue-element-admin,vue-i18n-next,vue-router-next,vue3,vue3-admin,vuex4
chinese,gpt2,news-summarization,nlp,text-generation,torch,transformer
android,anti-anti,anti-anti-frida,anti-detection,anti-frida,frida,strongr-frida-android
artificial-intelligence,attention-mechanism,deep-learning,protein-folding
android,android-development,java,jetpack-android,kotlin,kotlin-android
ai,artificial-intelligence,baseball,data-science,deep-learning,machine-learning,object-detection,pitch,pose-estimation,sport,yolov4
exp,poc
3d-face,bounding-box-labels,face-alignment,face-detection,face-pose-estimators
golang,tmux
disk-usage,docker,python
automation,bruteforce,dirb,dirbuster,dirsearch,execution,generation,gobuster,hacking,hacking-tool,nikto,nmap,penetration-testing,pentesting,python,report,scanner-web,webmap,wordlist
apt-attacks,forensic-analysis,incident-response,purpleteam,python3,threat-hunting,windows-event-logs,windows-eventlog
driver,exploit-development,exploitation,ios,kernel,macos,memory-corruption,vulnerabilities,xnu
handel,music-composition,procedural-programming-language,programming-language,tonejs
cmark,commonmark,markdown,swift,swiftui
automation,pentest,poc,sqlinjection,vulnerability,vulnerability-scanners,xss
address-space,hilbert-curve,kernel-dump,space-filling-curves,windows
gson,gson-adapter,gson-converter,gsonadapter
cli,git,go,golang
autograd,awesome,awesome-list,deep-learning,jax,machine-learning,neural-network,numpy,xla
awesome,awesome-list,badges,career,certificate,courses
element-ui,java,mysql,ruoyi,ruoyi-vue,sql,vue
apple,censorship,freedom
android,customview,indicators,library,speedometer
django,hotwire,hotwire-turbo
awesome,combine,swift,swiftui
automation,email-marketing,nodejs,scheduled-messages,typescript
centos,linux,oracle,oracle-linux,switch
gtk,ime,input-method,kime,korean,qt,wayland,x11
floating-point,high-performance,parser,rust
home-assistant,home-assistant-addons,light,miot,miot-protocol,sensor,switch
activity,appcompatactivity,databinding-viewbinding,delegate,fragment,kotlin,recyclerview
ecs,entity-component-system,game-development,game-engine,gamedev
chrome,xuexi-qiangguo,xuexiqiangguo
disposable,email,go,smtp,validation,verification,verifier
c,test-automation
css,scss,ui-design,windows-7
example,fastify,nodejs
lua,lualine,neovim,neovim-lua,neovim-plugin,neovim-statusline,nvim,statusline
css3,html5,landing-page,website-design,website-template
data-science,json,jsonpath,prototyping,swift
hook,hooks,javascript,react,react-hooks,react-stepper,react-use,react-use-stepper,react-use-wizard,react-wizard,reactjs,stepper,typescript
artificial-intelligence,attention-mechanism,deep-learning,point-cloud
bookmark,navigation,php
kdl,serialization
gpu,linkis,machine-learning,ml,multi-tenant-management,notebook
editor,ios,macos,metal,realtime-preview,shader,textures
animated,bubble-chart,dataviz,map,politics,rstats,switzerland
android,automation
attention,graph-deep-learning,graph-neural-networks,graph-transformer,transformer,transformers
common-lisp,dark-theme,emacs,emacs-initialization,emacs-lisp,minimalist,paredit,rainbow-delimiters,sbcl,slime
golang,kubernetes,kubernetes-webhook,mutating-webhook
cpp,interpreter,language,lisp
autoencoder,complementary,frequency,frequency-analysis,frequency-domain,gan,generative-adversarial-network,generative-models,generic,image-generation,image-manipulation,loss,loss-function,pix2pix,spade,variational-autoencoder
boilerplate,boilerplate-template,react,reactjs,tailwind,tailwindcss,webpack
dom,ssr,web
common-lisp,gui,html-bindings,webframework
discord,discord-api,discord-py,discord-slash-commands,python
computer-vision,deep-learning,image-restoration,image-super-resolution,javascript,madewithtfjs,nodejs,tensorflow,tensorflow2,tfjs
debuglog,kotlin-compiler-plugin,kotlin-ios,kotlin-js,kotlin-multiplatform,kotlin-native
build,developer-tools,distribute,package,packaging,pypi,python,python3,release,sail,sailboat,ship,tool,wizard
actions,helper,issue,issue-labels,issues
api,async,asyncio,code-generation,crud,crud-routes,fastapi,fastapi-crudrouter,framework,python,python3,redoc,rest,sql,swagger-ui,web
typescript
bert,deep-learning,longer-sequences,nlp,transformer
bed,gh-pages,images,picgo,picpic,picture
crd-controller,javascript,kubernetes,retrogames
libphonenumber,phone,phone-number,phonelib,ruby
dart,dart-package,mock,mocking,mockito,mocks,testing
bash,bash-alias,bash-script,cat,funny
community,data-science,python,twitch,visualization
awesome,awesome-list,best-of,best-of-list,collection,lists
controls,cupertino,drawn,drawn-controls,fluent,material,xamarin,xamarin-forms
aks,automation,aws,azure,containers,docker,eks,gcp,gke,informationsecurity,infosec,kubernetes,security,security-audit,security-tools
android,animation,customview,horizontal,kotlin,progress,progressview,tile
ad,adblock,adblocker,aderaser,ads,betterttv,block,bttv,chrome-extension,extension,ttv,ttvaderaser,twitch,ublock,ublock-origin
lol,script,teamfight-tactics
animation,framer-motion,portfolio,react,tailwindcss,template
desktop,home-assistant,mqtt,service
aaai2020,artificial-intelligence,computer-graphics,computer-vision,cv,deep-learning,deep-neural-networks,eccv,eccv2020,iccv,iclr2020,icml-2020,ieee,neurips-2020,nips-2020,paper,paper-references,papers,research,research-paper
apache-flink,flink,flink-sql,sql,stream-processing
algorithms,andrew-ng,backpropagation,bias-variance,cnn,coursera,data-analysis,data-science,deep-learning,deeplearning,hyperparameter-optimization,machine-learning,neural-network,notes,overfitting,sequence-models,statistics,summary,tensorflow
go,golang,terminal,typing,typingtest
javascript,react,typescript,vue
bugbounty,bugbounty-tool,hacking,hacking-tool,python,recon
cms-wordpress,cve,golang,hacking,hacking-tool,recon,tool,vuln,vuln-scan,vulnerability-recognition,wordpress,wordpress-,wordpress-plugin,wordpress-recon,wordpress-security,wordpress-theme,wprecon
aws,aws-ecs,aws-lambda,docker,lambda,serverless
animations,gestures,react,react-native,react-native-redash,reanimated2
hyperbee,hypercore,hyperdrive,hyperspace,p2p
bootstrap,bootstrap-5,express,expressjs,mern,mern-stack,nodejs,react,reactjs
clang,debugging,drivers,kernel,live-coding,livedeb,lld,lldb,llvm,windows
deep-neural-networks,instance-segmentation,mmdetection,mscoco,object-detection
api,fastapi,python
compiler,koto,language,programming-language,rust,scripting-language
3d,chemical,periodic-table,visualization
chess,chess-ai,chess-engine,chessboard,javascript
php,php-fpm,swoole,swoole-debugger
boilerplate,composition-mode,docker,docker-compose,express,mongodb,nginx,nodejs,oauth,open-authenticator,react,react-hooks,uikit
clipboard,copy-paste,curl,golang,nopaste
golang,multiplexer,shadowsocks,shadowsocks-aead
2020,developer,git,github,github-api,github2020,streamlit,streamlit-webapp,twitter,year
computer-vision,numpy,pencil-drawing,python3,pytorch
covid-19,deep-learning,medical-image-analysis,medical-imaging,pytorch,radiography,x-ray
antigen,awesome,clipboard,command-line-tool,keybinding,like,oh-my-zsh,shell,shell-scripts,surround,terminal,vi-keybinds,vi-mode,vim,zgen,zinit,zplug,zsh,zsh-plugin,zsh-plugins
billing-model,conversion,converter,cost-optimization,ec2,ec2-on-demand,ec2-spot,ec2-spot-instances,spot,tool
attention-mechanism,ctc,deep-learning,ocr,pytorch-implementation,scene-text-recognition,text-recognition
aarch64,apple-silicon,arm64,java,m1-chips,m1-macbook-air,macos,maven
friendlyarm,nanopi-r4s,openwrt,r4s
obsidian-plugin
automation,deno,headless-chrome,puppeteer,testing,web
react,react-three-fiber,shaders,threejs
netty,protostuff,rpc,spring,zookeeper
dasboard
apple,go,golang,m1,virtualization
monitoring,monitoring-tool,nodejs,real-time
audio-processing,e131,esp8266,led-strips,microphone,music-visualizer,python,qlc,raspberry-pi,react,webinterface
privacy,privacy-protection,privacy-tools
security,stack,stack-strategies
cross-platform,deep-linking,electron,flipper,i18next,jest,react-native,react-native-web,react-navigation-v5,redux-toolkit,typescript,ui-themes,webpack-5
cloudflare,grpc,grpc-go,sip003,tunnel
fzf,neovim-lsp,neovim-lua,neovim-plugin
nvim-lspfuzzy
ravens
omapsapp
awesome-go-with-stars
wifiqr
sound
VComponents
awesome-ml-tracking
marginalia
taskprogressview
cashierless-pay
tap_builder
parallaxdecoration
complexity
NNCam
sillynium
eat_pyspark_in_10_days
AutoAssign
software-security-paper-list
Yolov5-deepsort-inference
showcase-books-search
toto
WdToggle
IIT-PlayFramework-Session
payment-spring-boot
workshop-performance-react
CVEHeatMap
github-university-2020
tues-pay
tcpdog
shellac
autogold
advent-calendar-of-circuits-2020
Lilly
bnt162b2
DS-with-PySimpleGUI
cfetch
SocialMedia-App
DepthContrast
ggx
sonyflake-rs
firmware
Grawler
miraql
laravel-bandwagon
FxxkSsxx
Fast-Track-to-Data-Science-30-Days
cracking4crawling
evmap
open-mantra-dataset
open-mantra-dataset
clean-ranking-loader
presidential-precinct-map-2020
pizza-controller
pid-port
qianggou
framework32
gitlab_RCE
front-end-do-zero
fastrom
Springboot-dms
handwrite
Android-DefenseCrash
Wallpaper_Engine
magento2-hyva-admin
svelte-tiny-virtual-list
datalab
christmas_tree
nonrigid_nerf
react-machine
react-machine
pear-admin-layui
KafKare
ubbook
copyguard
soda-sql
vite-ssg
canonical-capsules
bubbly.nvim
CSS-Notes
quad-ci
jab
UInspector
rescript-react
Lightspeed-ingest
vue-drag-tree
flutter-quill
foundation-faq-2020
go-concurrency
kodluyoruz-frontend-101-egitimi
textnote
ARMagazine
digaws
bootterm
semver
colorgrad-rs
ListRDPConnections
copy-paste-aug
techstack
ecsview
javascript,nodejs
gio,mirror
dsl,graphql,nodejs,typescript
macos,swift,swiftui
artificial-intelligence,attention-mechanism,deep-learning,tabular-data,transformer
base-ui,baseui,react-native,react-native-macos,react-native-web,react-native-windows
bug-bounty,bugbounty,bugreport,hacke-rc,information-gathering,information-gathering-tools,information-retrieval,open-source,osint,osint-python,osint-resources,osint-tool,web-osint,webdork,webhacking
msix,ocr,window-10,wpf
geometry-processing
http-flv,http-hls,live,rtp,rtsp,websocket-flv
among-us,bepinex,mod
blackhat,chunked-encoding,content-length,defcon27,desync-attack,http-request-smuggling,portswigger,python3,smuggling,transfer-encoding
cuda,gpu,julia,multi-gpu,multi-xpu,parallel,staggered-grids,stencil-codes,xpu
gateway,nacos,netty,springwebflux
decentralized,golang,imageboard,ipfs,peer-to-peer
portal,react,react-native
clojure,game-development,game-engine,game-engine-3d,jmonkeyengine,jmonkeyengine3,lisp
desktop,iso-overlay,iso-profile,manjaro,swaywm
css,dependency-free,easygrid,filter,filtering,frontend,grid,html,javascript,javascript-library,layout,library,masonry-layout,pure-javascript,responsive,responsive-design,vanillajs
jackett,k8s,kubernetes,kubernetes-operator,linuxserver,mediaserver,operator,operator-sdk,plex,radarr,sonarr,transmission
dowload-images,followers,following,python,save-image,scrape,scrape-followers,scrape-following,scrape-images,scrape-likes,scrape-tweets,scraper,scraping,selenium-webdriver,tweets,twitter,twitter-scraper
advent-of-code,advent-of-code-2020
base,kotlin,viewbinding
design,quasar,quasar-framework,quasar-sika,quasar-sika-design,sika-design,vue,vue-admin,vue-admin-template,vue2
debugging,hypervisor-debugging,tools,vmware,vmware-backdoor,vmware-workstation
3d-object-detection,autonomous-driving,cia-ssd,point-cloud-detection,single-stage-detector
adobe,alternatives,android,apps,google,instagram,list,microsoft,privacy,twitter,whatsapp
library,react,reactjs,tailwind,tailwindcss,ui,uikit
mindustry-command,mindustry-mod,mindustry-mod-v6
comicrack,database,manga,manga-tagger,metadata,mongodb,python,python3,tagger
ast,go,go-package,golang,reflect,repr,tostring,valast
puppeteer,whatsapp,whatsapp-bot,whatsapp-userbot,whatsapp-web,whatsbot
apache-kafka,chartjs,confluent,ksqldb,react,websocket
apple-silicon,arm64,linux,macos,macos-big-sur,qemu,virtualbox,virtualization,vmware,vmware-fusion
c,websocket,websocket-library,websocket-server
c2-implants,red-team
auto-maker,maker-classification,mix,yolov3-yolov4-yolov5,yolov5
helm,kubernetes,quarkus,rancher,rancher-architecture,rancher-kubernetes-engine,vue
aaai2021,cutmix,data-augmentation,fine-grained-recognition,mixup
cybersecurity,dfir,forensics,incident-response,osquery,threat-hunting
chaos-engineering,chaos-monkey,php,quality-assurance,symfony,symfony-bundle
11ty,eleventy,jamstack,netlifycms,tailwindcss
cdk,component,components,framework,frontend,pro,typescript,ui,ui-components,vue,vue3
neovim,scrollbar,scrollview,vimscript
autocomplete,dropdown,javascript,multiselect,select,vue,vue-select,vue2,vue3,vueselect
beginner,ebook,learning-by-doing,python
ai,cv,deep-learning,graph,maching-learning,neural-language-processing,neural-network,nlp,recommender-system,speech-recognition
db2,firebird,mysql,odbc,postgresql,sql,sqlite
ai,deep-learning,deep-neural-networks,graphcore,ipu,machine-learning,pytorch
korean,korean-nlp,kss,nlp,sentences,split-sentences
anime,bot,chatbot,discord-bot,discord-bots,discord-js,discord-music-bot,javascript,music,utility
shaderlab,shaders,unity
etl,javascript,laravel,php,workbench
horizontal,horizontal-scrolling,layouts,list-layouts,listview,nuxtjs,spa,ssg,ssr,vue,vue-horizontal,vuejs
backend,expressjs,frontend,mongodb,nodejs,reactjs,trf
scraper
swift,swiftui,swiftui-discussions,swiftui-learning
3d-cnn-architecture,backbone-networks,efficient-model,temporal-modeling,video-understanding,vov3d,vovnet
emacs,note-taking,org-mode,org-roam
emacs,emacs-package,screenshots
css,javascript,react,ui,ui-design,ui-kit
cheat-sheets,cheatsheet,reference,snippets
chakra-templates,chakra-ui,react,templates
bot,discord,discord-bot,discord-bot-template,discord-slash-bot,discord-slash-commands,discordbot,discordjs
angular,forms,queryparams,synchronization
correction,data-integrity
android,apollographql,graphql,graphql-client,hilt,ios,jetpack-compose,kotlin,kotlin-multiplatform,multiplatform,swift,swiftui
dom-api,dom-manipulation,html,hyperscript,javascript,jsdom,node,node-js,node-module,nodejs,ssg,static-site-generator
csharp,dotnet-core,message-bus,message-queue,message-transport,saga,saga-pattern,saga-state-persistence
gem,rails,routes,ruby
aws,deepracer,machine-learning,reinforcement-learning,reward-functions
asynchronous,completablefuture-api,filter,h2c,haproxy,http2,https,httpserver,interceptor,jaxrs,lightweight,netty,serialization,springmvc,thread-scheduling
remark,remark-plugin
home-assistant,miio,miot,miot-spec,smart-home,xiaomi,xiaomi-miot
cyberpunk,cyberpunk-2077,cyberpunk-mods,cyberpunk2077,mods
bert-model,causal-inference,causal-models,causal-spans,causality,conversations,dataset,dialogue-generation,dialogue-systems,emotion,emotion-cause,emotion-cause-pair-extraction,emotion-recognition,emotion-recognition-in-conversation,emotion-tasks,inference,natural-language-inference,reasoning,roberta
artificial-intelligence,bootstrap,css,data-science,guidence,hml,interesting,iot,java,javascript,jypyternotebook,machine-learning,mentoring,php,programming-language,project-management,projects,python,python3,tkinter-gui
dataset,extended-summarization,language-generation,summarization-corpora,text-summarization
as-prop,polymorphism,react,typescript
automl,bayesian-optimization,blackbox-optimization,hyperopt,hyperparameter-optimization,machine-learning,multi-fidelity,optimization,python
capsule-network,computer-vision,deep-learning
floating,lua,neovim,nvim,plugin,terminal,window
3d-deep-learning,3d-detection,autonomous-driving,object-detection,point-cloud,pytorch
firered,pokemon,programming-question
alacritty,alacritty-config,alacritty-theme,alacritty-theme-changer,nerd-fonts,python
app,civic-tech,react-native,school-education
computer-vision,tensorflow2,tflite,tinyml
awesome-list,list,mac,macos,macosx,software
cobra,go,golang,grafana,grafana-dashboard
auto-drive,completion,lidar-point-cloud,lidar-segmentation,point-cloud,segmentation,semantic-scene-completion,semantickitti,semanticposs
linux,opengl,opengl-loader,single-header-lib,win32,windows,x11
go,golang,heart,http,http-server,lua
reverse-engineering,syscall,sysenter,windows-internals
compose,kotlin,kotlin-js,kotlin-multiplatform
obsidian,obsidian-md,obsidian-theme
ethereum,language,scribble,smart-contracts,solidity
editor,game-development,gamedev,mapeditor,reactjs,rust,rustwasm,tilemap,wasm,web-application
deep-learning,explainable-ai,pytorch,transformer,vision-transformer
emacs,icons,svg
dubbo,java,spring,springboot,springcloud,springsecurity
cli,containers,dependency-manager,fedora,golang,linux,podman,redhat
crawlergo,crawlergo-xray,dirsearch,docker,hscan,jsfinder,jsfinder-nmap-nikto,nmap,oneforall,scaner,src,xray
database,natural-language-interface,natural-language-processing,pytorch,semantic-parsing,text-to-sql
bundler,javascript,jsx,nodejs,npm
bytecode,interpreter,scripting-language
markdown,neo4j,obsidian-md,obsidian-plugin
go,hackclub,ssh
api,gateway,graphql,graphql-gateway,graphql-portal,typescript
h2c,haproxy,http2,https,httpserver,netty
android-ble,android-ble-client,ble,ble-client,bluetooth-low-energy,gatt-client
sonic-pi
cbnsq,fastcgi,http,mysql,nsq,nsq-client,nsqproxy-nsq-worker,vue
api,asyncio,bilibili,fastapi,netease-cloud-music,pixiv,python,qrcode-generator,saucenao-api
actions
ctcgfw,friendlyarm,nanopi,nanopi-r4s,openwrt-firmware,project-openwrt,r4s
laravel,mailboxlayer
boot,initramfs,linux
builder-okhttpclient,gradle,okhttp,okone-okhttp
amd,deno,graphic-card,jingdong,nvidia,rtx3070,rtx3080
artificial-neural-networks,convolutional-neural-networks,deep-learning,deep-neural-networks,feedforward-neural-network,neural-networks,python3,recurrent-neural-networks,tensorflow2
cheatsheet,cli,command-line,git
aab,android,apk,bootstrap,compiler,java,ndk,sdk,v,vlang
adafruit,arduino,hexapod,javascript,johnny-five,nodejs,react,robot,robotics
bug-reporting,diagnostics,rust
event,handler,hotkey,keyboard,shortcut
6502-assembly,assembly,c64,c64-game,disassembly,game,jeff-minter,vice
colorization,computer-vision,deep-learning,gan,generative-adversarial-network,image-generation,image-processing,pytorch
apple-silicon,arm,ffmpeg
bbs,community,goframe,mvc,orm,template
broker,hermes,mqtt
caddy,fileserver,shadowsocks,trojan,vless,vmess,xray
artificial-intelligence,deep-learning,film,generative-adversarial-network,nerf
editor,export-templates,game-engine,godot-engine,raspberry-pi
jupyter,jupyter-notebook,jupyterlab,jupyterlab-extension,notebook
termux-whatsapp-bot,whatsapp-bot
feature-engineering,go,machine-learning
disassembler,game-boy,gameboy-roms
assembly,basm,birtual-machine,virtual-machine
minecraft,minecraft-api,minecraft-mod,minecraft-modding
algebraic-effects,effects,functional-programming,javascript
auto-pwe,bspwm,customization,customize,environment,linux,s4vitar,shell,work
cheetsheet,lua,neovim,neovim-plugin,popfix
dark,dark-mode,dark-resources,dark-theme,theme,theme-modes,theme-ui
chrome,edge,firefox,ie,ios,macos,safari,swift,user-agent
bayesian-inference,hamiltonian-monte-carlo,probabilistic-programming,sampling-methods
dependency-parsing,multi-task-learning,named-entity-recognition,ner,pos-tagging,vietnamese-nlp
discord-api,speechkit,yandex
rstats,visualization
apollo-client,backend,boilerplate,dashboard,graphql,material-ui,mysql,nextjs,nexus,prisma,react,reactjs,typescript
income,token,ubi,universal-basic-income
compositional,pose-estimation
2020,bdci,ccf,ner
game-engine,rpg-game,rpg-maker
color-scheme,color-surface-branding,colorscheme,dark-themes,dart,flex-family,flex-package,flutter,flutter-package,flutter-theme,flutter-ui,flutter-widget,material-design,package,theme,theme-colors,theme-mode