analyzer,dark-mode,data-processor,dear-imgui,disassembler,hex-editor,ips,ips32,mathematical-evaluator,nodes,pattern-highlighting,pattern-language,reverse-engineering
annotation,annotation-tool,audio,camera,chrome-extension,design,editor,javascript,loom,productivity,recorder,screen-capture,screen-recorder,screencast,video
awesome,awesome-list,best-of,data-science,data-visualization,data-visualizations,deep-learning,keras,machine-learning,nlp,python,python-library,pytorch,scikit-learn,tensorflow
analyzer,html,information-gathering,javascript,nodejs,osint,pentest,pentesting,person-profile,profile,python,reconnaissance,social-analyzer,social-media,username
among-us,amongus
apple,apple-apis,bindings,bridge,cgo,cocoa,go,golang,ios,libobjc,mac,macos,macos-application,native-apps,objc-runtime,objective-c,webkit
ai,art-portraits,colab,creative-coding,deep-learning,generative-art,machine-learning,movie-poster,nogan,nogan-training,portraits
xray
effective-golang,go,golang,high-performance
angular,deploy,deployment,deployment-automation,frontend,gatsby,getmeli,hosting,jamstack,meli,react,vue,webdev
easy,mutable,react,state
git-scraping
cpp,kafka
100daysofcode,bash,bash-script,bash-scripting,devops,ebook,hacktoberfest,introduction-to-bash-scripting
challenges,coding-interview,frontend,frontend-challenge,frontend-development,frontend-framework,interview-preparation,interview-questions,interviewers,javascript,javascript-challenges,javascript-interview,javascript-interview-questions,javascript-modern-interview,web
draggable,droppable,react,sortable
image-matting,portrait-matting,video-matting
computer-vision,video-interpolation
awesome-list,awesome-lists,css3,fontend,list,lists,resources
diff,image-comparison,odiff,pixel-perfect,snapshot,testing-tool,visual
aws,aws-security,azure,cis,cis-benchmark,cloud-computing,cloudtrail,compliance,cspm,gcp,gcp-security,monitor,security,sql,well-architected
c,elegant,linked-list,pointers,torvalds
mitm,mitmproxy,proxy,socks5-proxy
docker,escape-container,exploits,hacktools,k8s,k8s-penetration-toolkit,kubernetes,linux,penetration,penetration-testing-tools
3d-maps,javascript,map,procedural-gl-js,webgl
angular,builder,compiler,declarative,figma,jsx,jsx-lite,liquid,no-code,react,shopify,solid,svelte,visual,vue
bitly,github-page,self-hosted,serverless,short-url,shorten-urls,shortener,shorturl,tinyurl,url-shortener,url-shorteners,urlshortener
bugbounty,intelligence,osint,recon,security
privacy
hacking,redteam,security
mock,unittest
data-science,devops-tools,machine-learning,metadata-tracking,mlops,pipelines,production-ready,zenml
3d-reconstruction,deep-learning,machine-learning,robotics,slam
boilerplate,css,css3,html,html5,javascript,js,snippet,template
amd,bot,discord,docker,intel,nvidia,ps5,python,raspberrypi,rtx3070,rtx3080,rtx3090,ryzen,slack,telegram,xbox
logs,metrics,monitoring,observability,open-source,platform,tracing
aws,eks,kubernetes
explorables,language-models,natural-language-processing,nlp,pytorch,visualization
golang,malware,self-spreading,worm
android,apk,cartoon,chinese,comics,e-hentai,ehviewer,exhentai,hentai,hentai-downloader,hentai-viwer,html5,java,screenshot
boilerplate,css,dark-color-theme,minimalist,stylesheet
nlp,python3,tensorflow
asr,deep-learning,esp32-lyrat,fastai,python,pytorch,rnn-transducer,speech-recognition
cli,clipboard,copy-paste,go,golang
neural-rendering,painting-translation,stroke-parameters,style-transfer
philosophy,programming
nerf
automl,graph-neural-networks,hyper-parameter-optimization,pytorch,pytorch-geometric
mini-spring,spring,spring-boot,spring-mvc,springboot,springframework,tiny-spring
c,cs-growing-book,go,html,javascript,linux,python
deep-learning,deep-neural-networks,neural-networks,pytorch,tez
kphp
java,study
asr,automatic-speech-recognition,conformer,e2e-models,production-ready,pytorch,speech-recognition,transformer
deep-learning,graph-neural-networks,jax,machine-learning
3d,3d-engine,biology,chemical-kinetics,chemical-reaction-networks,chemical-reactions,cube,dna,in-vitro,molecular-biology,molecular-programming,piperine,raymarching,real-reactive-programming,strand-displacement
artificial-intelligence,deep-learning,generative-adversarial-network
auto,autosearch,deep-learning,halide,optimization,pytorch,reinforcement-learning,tengine,tensor,tensorflow,tvm
data,data-engineering,engineering
dart,firebase,flutter
rainbow-fart
data-over-sound,demodulation,ecc,fsk,internet-of-things,pairing,python,qrcode,serverless,sound-library,ultrasound
ctypes,ethical-hacking,network-programming,packet-sniffer,pentesting-tools,tcp-ip
bigdata,clickhouse,go,golang
bigsur,macos,swift,swiftpackage
blueteam,cheatsheet,commands,enumeration,exploitation,persistence,privilege-escalation,redteam,wadcoms,windows
android,android-bottomsheet,android-design,android-library,bottom,bottom-sheets,bottomsheet,bottomsheet-android,bottomsheet-dialog,bottomsheetdialog,bottomsheetdialogfragment,bottomsheets,calendar-sheet,color-sheet,design-patterns,kotlin-library,material,material-design,sheets
cloud-environment,cloudnative,kubernetes,microservices
async,python,requests
decompile,disassemble,driver2,game,ghidra,playstation,psx,reverse-engineering,sym
django,django-rest-framework,docker-compose,letsencrypt,nginx,postgresql,react-redux,react-router,reactjs
console,gui,kubernetes,lazy,management,mouse,terminal,tools
communication,concurrency,iframe,javascript,parallel-computing,postmate,postmessage,promise,typescript,web-worker,webworker,worker
combine,macos,swift,swiftui,xcode
aerial-imagery,atmospheric-scattering,cigi,flight-simulation,flight-simulator,geospatial-visualization,image-generator,jsbsim,ocean-wave-simulation,open-street-map,planetary-data,rendering-engine,volumetric-cloud
arm-assembly,i2c,logging,logic-analyzer,spi,stm32f103,usart
bannerscan,brute-force,detection,exploit,ftpscan,hacktools,ms17010,mysqlscan,poc,portscan,scanner,security-tools,smbscan,sshscan
latex,mark-mind,markdown,mind,mindmap,opml,outline
api,binance
among-us,amongus,client,javascript-library,region-server,server
application,go
architectural-patterns,architecture,best-practices,clean-architecture,design-patterns,domain-driven-design,hexagonal-architecture,javascript,nestjs,nodejs,onion-architecture,secure-by-design,solid-principles,system-design,typeorm,typescript
opensource,tools
artificial-intelligence,deep-learning,machine-learning
harvesting,puppeteer,scraping,scraping-websites,scrapper,scrapping
conservation,paper,pdf,scanned-documents,scanned-pages,shell,unix,unix-shell
custom-elements,web-components
adt,formal-proofs,formal-verification,functional-programming,hkt,java,lambda-calculus,monad,tutorial
dart,dart-frameworks,dartlang,faas-framework,flutter-backend,flutter-full-stack,functions-as-a-service,serverless
golang,golang-library,malware,malware-development,malware-research
bert,edit-distance,embeddings,levenshtein-distance,string-matching,tf-idf
flowmap,godot,river
collector,homepage,navigation,react,widget,widget-library
parser,typescript
bruteforce,bruteforce-wordlist,content-discovery,wordlists
nextjs-starter,stripe-checkout,stripe-customer-portal,supabase,vercel
css,css-components,css-framework,design-pattern,design-patterns,design-system,design-systems,postcss,tailwind,tailwind-css,ui-components,ui-design,ui-framework,ui-kit,ui-library,ui-pattern
components-library,javascript,less,rabbit-ui,typescript,ui,ui-components,ui-design
dns-client
360safebrowser,cobaltstrike,cobaltstrike-cna
php,security
data-ownership,data-security,data-synchronization,database-systems,distributed-database,federated,offline-first,zero-trust
angular,element-plus,mongodb,mysql,nodejs,react,sqlite3,vue-next
bbs,community,developers,forum,java,markdown,sns
backup,backup-utility,cryptography,encryption,encryption-at-rest
axios,bootstrap,typescript,vue-cli4,vue-router,vue3,vuex
3d-graphics,global-illumination,graphics,path-tracing,physically-based-rendering,rendering,rust
desktop,electron,markdown,note-taking,offline,sticky-notes,tabs
bitly,link-shortener,self-hosted,shorten-urls,shortlink,shortlinks,static-site
javascript,symfony
documentation,opencollective
activism,anonymity,anonymization,anticensorship,gpg,privacy,privacy-aware,privacy-by-design,privacy-enhancing-technologies,privacy-online,privacy-policy,privacy-protection,privacy-tools,qubes-os,security,security-hardening,tails,tor,veracrypt,whonix
awesome,rust
debug,dump,laravel,php
bundle-size,parcel,rollup,web-optimization,webpack
bart,encoder-decoder,generative-adversarial-network,gpt-2,pretrained-language-model,pytorch,sequence-to-sequence,text-generation,variational-autoencoder,xlnet
admin-panel,gost,iptables,port-forwarding
laravel,laravel-framework,laravel-package,open-source,user-activity,user-activity-monitoring
coredata,keypaths,nspredicate,predicates,swift,swiftui
iros,iros2020,robotics,slam
blog,cloudbase,comment,leancloud,mongodb,postgresql,sqlite,valine,vercel
ai,cleora-embeddings,datasets,deepwalk,embeddings,entity,graphs,hypergraphs,inductive-entity-embeddings,machine-learning,ml,pytorch-biggraph,synerise
aws,aws-cdk,nextjs,s3
blueteam,cybersecurity,data,data-breach,data-leak,data-security,email,gui,leak,opensource,osint,password,pentest,pyqt5,pyside2,python,security-team,security-tools
github,stories
uniapp,zy,zy-player,zyplayer
dart,flutter,flutter-package,flutter-ui,flutter-widget,flutter-widgets,timeline,timeline-component,timelines
hololive,live-translations,translations,vtubers,youtube-livestream
deep-learning,deep-neural-networks,deepfakes,gans,literature,machine-learning,paper
artisan,artisan-gui,laravel,packagist,php
chrome,chrome-extension,coding-interviews,github,github-api,javascript,leetcode,leethub,portfolio
components,interop,vue,vue2,vue3
automation,hack,hacker,hacking,python-script,python3,security,security-audit,security-automation,security-tools,soar,tools,w5,w5soar
apple,card,ios,ipados,over,slide,swift,swiftui
action-detection,action-localization,action-recognition,activitynet,attention-lstm,ava,bmn,cvpr2019,cvpr2020,iccv2019,kinetics400,slowfast,temporal-action-detection,tsm,tsn,ucf101,video-classification,video-recognition,video-understanding,youtube-8m
rust,serialization,zero-copy
data-drift,data-science,html-report,jupyter-notebook,machine-learning,machine-learning-operations,mlops,model-monitoring,pandas-dataframe,production-machine-learning
auto-login,automated,automatic-udemy-enroller,bot,coupon-scraper,coupons,discount-coupons,exe,free,free-courses,gui,python,software,udemy,udemy-account,udemy-bot,udemy-course,udemy-enroller,udemy-paid-courses,udemycourse
bbr,bbr2,bbrplus,websocket,xray,xray-tls-web,xtls
aspnetcore,boilerplate,clean-architecture,clean-code,dotnet,net5
cc0,r,rmarkdown,rmarkdown-template,rstats,rstudio
cloudflare-workers,cloudflare-workers-cron,cloudflare-workers-kv,flareact,monitoring,slack-notifications,status-page,wrangler
guide,machinelearning,project
ctf,ctf-tools
attention,deep-learning,flax,jax,nlp,transformers
activity,android,bundle,bundler,fragment,intent,kotlin,kotlin-extensions,skydoves
guidance,mitigations,snort-rules,ssl,tls
macos,spaces,virtualdesktop
dynamic-compiler,dynasm,emulator,game-boy,gameboy,gameboy-emulator,gbz80,jit,jit-compiler,sdl2
dart,flutter,flutter-bloc,flutter-starter
applied-ml,deep-learning,machine-learning,ml-in-production,ml-ops,pytorch
bugbounty,fuzzing,hacking,pentesting,web-fuzzing,wordlist
bigdata,flink,flink-boot,java,java-flink,mcv,mybatis,sping,spring-boot,spring-retry
baidupcs
awesome,awesome-list,ios,ios14,scriptable,scriptable-app,widget
pytorch,stereo-depth-estimation,stereo-matching,stereo-transformer,stereo-vision
arp-poisoning,arp-spoofing,ethical-hacking,network-programming,penetration-testing,socket-programming
biocomputing,deeplearning,dti,graph-networks,machine-learning,molecule-design,ppi,protein-folding,protein-structure-prediction,representation-learning,rna-structure-prediction,self-supervised-learning
api-client,github,github-api,nbdev,openapi
adi1090x,archcraft,archlinux,bootable,bootable-live-cd,bootable-media,bootable-usb,bootable-usb-drives,debian,grub,grub-theme,grub2,grub2-theme,linux,ubuntu,unixporn
hearthstone
jndi,jndibypass
domain-name-generator,domain-name-predictor
image-format,programming-language,svg,vector-graphics
android-example,compose,compose-tutorial,jetpack,jetpack-android,jetpack-compose,kotlin-android
device-management,endpoint-manager,endpoint-monitoring,endpoint-security,host-instrumentation,it-ops,open-source,osquery,security
framework,golang,microservice
cli,npm,package-manager,pnpm,yarn
deno,vultr
annotation,annotator-tool,bokeh,data-annotation,data-labeling,jupyter,machine-learning,python,supervised-learning,visualization
algorithms-and-data-structures,npm-package,queue,queue-data-stucture
bert,ccf,keras,top1
best-practices,coredata,ios,swift
awesome-list,collections,devops,devsecops,roadmap,security,tools
obsidian-plugin
computer-vision,deepstream,human-pose-estimation,jetson,real-time,tensorrt,tesla
conversation-system,conversational-recommendation,deep-learning,dialog-system,graph-neural-network,human-machine-interaction,knowledge-graph,pretrained-models,pytorch,recommendation,recommender-system,text-generation
d3d12,directx,directx12,microsoft,wsl
cloud-native,containers,docker,education,k8s,kubernetes,series,streaming,youtube
ggplot-extension,ggplot2,microeconomic-graphs,rstats,rstats-package,supply-demand
components,design-system,qui,storybook,ui,vue
csharp,dotnet,relaxation,uwp,white-noise,whitenoise,windows,windows10,winui,xaml
component,conflict-detection,drag,draggable,refline,resizable,resize,typescript,vue3
aruco-markers,numpy,opencv-python,paper,web-cam
android,source-code
collectionview,collectionviewlayout,diffabledatasource,diffabledatasource-collectionview,ios
vless,xray,xtls
cdp,cypress,e2e,native-events,pupeteer,testing
hack,hack-tool,js,penetration-testing,pentest-tool,php,python,security
aws,aws-lambda,cartoongan,cartoonify,computer-vision,deployment,gan,machine-learning-production,netlify,netlify-deployment,production,pytorch,react,scalable-applications,serverless,serverless-framework,style-transfer
vue,vuejs,web-worker,webworker,worker-dom
chat-application,flutter,messenger,mqtt
automation,python,rcc,robocorp,robot,robot-framework,robotframework,robots,rpa,yaml
consultancy,superpeer
attention-visualization,bert,bert-model,deep-learning,explainability,perturbation,transformer-interpretability,vision-transformer,visualize-classifications
android,automation
apple,architecture,arm,rosetta
pytest,python-requests,selenium-python,sqlalchemy-python
apache-kafka,cobra,go,gofiber,golang,grafana,k6,postgres,prometheus,redis
color-scheme,lua,neovim,neovim-colorscheme,neovim-plugin
vless,xray,xtls
ap-t,apt-get,docker,install,linux,yum
crop,draw,filter,graffiti,image-editor,image-sticker,mosaic,text-sticker
golang,image,pdf,pdf-generation,png,qt5-gui
completion,emacs
annotation-processor,data-transfer,dto,dto-bean,json-view,metadata,spring-support
automata,cep,complex-event-forecasting,complex-event-processing,forecasting,markov-models,regular-expression,scala,stream-processing,symbolic-automata
chinadns,dns-server,mos-chinadns,mosdns
clipboard,clipboard-manager
ddd,node,prisma,typescript
editor,es-module,vscode
bloc,clean-architecture,dart,flutter,sample,test,todo
2d,c,canvas,graphics,plutovg,svg,vector
database,database-anonymizer,database-dump,dump-data,dumper,fake-data,fake-generator,postgresql-database
cluster-analysis,k8s,kubeeye,kubernetes,observability
lidar-slam,place-recognition
fragment,fragmentnavigator,jetpack-navigation,kotlin-android,singleactivityapp
api,expressjs,framework,http,http-server,javascript,middleware,node,router,server,webserver,zero-dependency
batch,cicd,continuous-delivery,continuous-deployment,data-science,devops,docker,framework,gitops,kubernetes,machine-learning,mlops,pipeline,python,serving
miniprogram,wechat-mini-program,weixin,weixin-app
php8,phpstorm
extract,golang,regex,sammler
ner,spacy,spacy-nlp,ui
ios,ios14,ios14-widget,javascript,scriptable,widget
ebook-reader,ebooks,epub,mobi,rsvp
android,antv,antvis,data-vis,f2,gcanvas,grammer,ios,mobile,visualization
aws,backup,cli,command-line,command-line-tool,database,ddb,dynamodb,dynamodb-admin,dynamodb-cli,dynamodb-client,dynamodb-local,export,import,nosql,rust
android,android-library,color,drawables,kite,kotlin,kotlin-android,kotlin-library,library,resources,strings
canvas,dart,flutter,flutter-package
homekit,menubar,trigger-homekit-scenes
netlify,profile,reactjs,researchers,resume,resume-creator,static-site-generator,students,yaml
data-structures
code-generation,elixir,openapi,openapi-generator,openapi3,rest-api-framework
analysis-hao,elasticsearch,hanlp,hao-elasticsearch
javascript,js,js-engine,netscape,retro,wasm
react,react-router,serverless,ssr
xposed,zhihu,zhiliao
android,android-app,chinese,e-hentai,ehviewer,java
actor-model,beam,erlang,native,runtime-system,virtual-machine,webassembly
cartoon,madumpa,pbr,shader,stylized,stylizedlit,unity,urp,urpstylizedlit
cheatsheet,cheatsheets,kubectl,kubernetes,snippets
chrome-extension,nonstop
html,oldschool,static-site
arm,arm-none-eabi,arm-none-eabi-gcc,composite-device,gcc,stm32,stm32f103,stm32f103c8t6,uart,usb,usb-cdc
cdn,cf-worker,cloudflare,cloudflare-workers,edge,esr,ssr,vite,vue,workers
minecraft,minecraft-fabric,minecraft-mod,utility-mod
userbot,whatsapp,whatsapp-web
diff,golang,golive,live-view,liveview,server-side-rendering,virtual-dom,websockets
fg-ir-18-384,fortigate,fortinet,golang,ssl-vpn,vulnerability
apache,deb,lampp,lampp-manager,linux,linux-app,mariadb,mysql,php,rpm,xampp
hooks,react,reactjs,tensorflow,tensorflowjs,typescript
graphql,graphql-tools,remote-schemas,schema-stitching
compiler,koto,language,programming-language,rust,scripting-language
atlas,taiwan,topojson
vpn
dataviz,networks,politics,r,shiny,uk,visualization
alan-studio,alan-voice,chatbot,conversational-ai,machine-learning,microsoft-power-apps,pcf,power-apps,speech-recognition,text-to-speech,voice,voice-ai,voice-assistant,voice-commands,voice-control
internships,kazakhstan
angular,dag,directed-acyclic-graph,graph
headless,headless-cms,headless-wordpress,nextjs,react,wordpress
appsec,bug-bounty,dirbuster,hacking,netstalking,penetration-testing,pentest,pentesting,python,scanner,scanner-web,security
cli,copy-paste,gitlab,snippets
phoenix-bot,python
cracking-hashes,ctf,ctf-tools,encoder-decoder,encryption-decryption,hacking-tools,hashing-algorithms,penetration-testing-tools,pentest-tools,pentesting,reverse-shell,swiss-army-knife
crawler,dork,google,hacking,python,security,sql-injection
appsync,aws,aws-cdk,dynamodb,eventbridge,lambda-functions,serverless,serverless-saas
angular,awesome,awesome-list,d3,frontendmasters,gatsby,javascript,nodejs,react,typescript,vue
cobaltstrike,cobaltstrike-cna,redteam,redteam-tools
inspect,introspection,npm-package,promise
ai,bot,bots
ctf,ctf-tools,jku,jsonwebtoken,jwks,jwt,jwt-cracker,jwt-exploit,jwt-security,penetration-testing,penetration-testing-tools,pentest,pentest-tool,pentesting,pentesting-tools,security,security-tools,websecurity,x5u-injection
c99,misra-c,posix,window-manager,wm,xcb
android,exoplayer,exoplayer2,video-player
css,less,refactoring,scss
api-middleware,api-routes,koajs,middleware,middleware-functions,next,nextjs,nodejs,react
diff,go,golang,json,json-patch,rfc6902
api,bluetooth,controler,dualsense,dualsense5,gamepad,gamepad-api,playstation,ps5-controller,sdk,usb,usb-hid
artificial-intelligence,contrastive-learning,deep-learning,self-supervised-learning
data-analysis,data-science,julia,julia-language,julia-package,macro,pipeline
dart,flutter,interview-questions
cern,ibm,jupyter-notebook,matplotlib,numpy,python,qiskit,qiskit-aqua,qiskit-ibm-sdk,qiskit-practice,qiskit-tips-and-tricks,qiskit-tutorial,quantum,quantum-algorithms,quantum-computing,quantum-information,quantum-mechanics,qubits,qworld
4-bit,8-bit,distillation,efficient-neural-networks,hardware-aware,hessian,mixed-precision,model-compression,pytorch,quantization,quantized-neural-networks,tensorcore,tvm
beautifulsoup,chinese-language,course,download,japanese,japanese-language,japanesepod,japanesepod101,jpod101,language,language-learning,learn,learn-chinese,learn-japanese,learn-spanish,podcast,python,requests,scraping,spanish-language
awesome-list,country,made-by,made-in,oss
apple-store,dart,flutter,flutter-app,go,grpc,ios,protobuf
fetch,fetch-api,http,http-client,php,php7,response,streams,web-api
javascript,machine-learning,nlp,search
javascript,ogl,shaders,webgl
debug,laravel,php
amiga,raspberry
debugging,php
among-us,amongus,decompile,innersloth,packet,protocol
ios,react-native,uiaction,uimenu
alexa,android,android-phones,assistant,foss,mycroft,offline,sapphire-assistant-framework,siri
frida,ios,macos,xnu,xpc
contextapi,localstorage,materialui,react,reactjs,speechly
firebase,flutter,flutter-apps,flutter-examples,social,social-media,social-network,socialmedia,ui,uikit
java,java-se
gitops,helm,kubernetes,kustomize
container,security
fp,fp-ts,functional-programming,matching,option-monad,pattern,pattern-matching,typescript,typescript-pattern-matching
data-visualization,database,database-gui,dummy-data-generator,kpis,sql
downloading-vods,recover,recover-files,recovering-data,recovery,stream,streamer,streamer-tool,streaming,twitch,twitch-api,twitch-servers,twitch-tv,twitchtv,vod-links,vods
data-structures,function-composition,haskell-like-high-level-function,interpreter,language,lazy-evaluation,lisp,pattern-programming
remote-play,steam,unlocker
bot,chrome,python,pythonbot,udemy,udemy-course,webscraping
cryptocurrency,e-paper,raspberry-pi
hassh,passive-ssh,passive-ssh-server,ssh,ssh-scanner,threat-intelligence
javascript,messaging,svelte,typescript,vscode-extension
pdf,pdf-conversion,pdf-converter,pdf-generation,pdf-library
blogging,casper,cms-ghost,gatsby-alternative,ghost-blog,ghost-theme,image-optimization,lighthouse,nextjs,nextjs-blog,nextjs-serverless,nextjs-starter,react,static-site-generator,typescript
action-recognition,dataloader,deep-learning,machine-learning,pytorch,video-dataset
glsl,threejs,webgl,webgl2
api,ig-bot,ig-private-api,ig-story,instagram,instagram-api,instagram-bot,private-api,proxy,python,stories,story
osc52,vim-osc52,vim-plugin
advent-of-code,advent-of-code-2020
airflow,data-analysis,data-monitoring,data-quality,data-quality-monitoring,data-visualization,grafana,open-source-tooling,postgresql
obsidian-md,obsidian-plugin
aleph,analytics,api,deno,graphql,graphql-queries,performance-metrics
graphql
allocator,gpu-allocator,vulkan
disk,macos-app,menubar-app,unmount,unmounting,unmounts-usb-drives,utility,volume,volumes
go,mtproto,tdlib,telegram
data-visualization,django,echarts,sql
dain,gui,ncnn,pytorch,rife,video-interpolation
neovim,rainbow-parens,tree-sitter
deep-learning,lstm,natural-language-processing,nlp,python,sentiment-analysis,sentiment-classification
curriculum,deep-learning,deep-neural-networks,tensorflow,tensorflow-course,tensorflow-tutorials,tensorflow2
aggressor-scripts,aggressorscript,cobalt-strike,cobaltstrike,plugin
algorithm,article,lightoj-solutions,problem-tutorials
haskell,json
maya-plugin,nxt,python
androidplayground,coroutines,coroutines-android,coroutines-flow,datastore,kotlin,kotlinextension,motionlayout,mvvm,mvvm-android,mvvm-architecture,paging,paging-library-in-android,paging3,retrofit2,room,room-database,room-persistence-library,sharedelementtransitions,singleactivityapp
javascript,localstorage,react,reactjs,styled-components,theme,theming,theming-system
gpu,ncnn,rife,video-interpolation,vulkan
rust,windows
chakraui,eslint,jest,nextjs,nextjs-starter,react,react-testing-library,reactjs,reactjs-boilerplate,starter-template,typescript
algorithms,datastructures-algorithms,dsa,placement,programming,react,showcase,typescript
azure,cloudflare,demo,deployment,netlify,serverless,vercel
artificial-intelligence,deep-learning,matrix-decomposition
bevy,game-jam
hackintosh,opencore
app-sync,aws,aws-amplify
gan,generative-model,inr
dynamic,express,hacktoberfest,hacktoberfest2020,node,node-js,nodejs,profile-previews,profile-readme,quote,quote-generator,readme-generator,readme-md,serverless
imle,multimodal,super-resolution
battery,conky,cpu,filesystem,gtk,gtk-rs,gtk3,mem,opacity,randy,rust,rust-lang,screenshot
json-editor,json-formatter,pwa
dubbo,envoyproxy,istiio,redis,servicemesh,thrift
docker,speed-test,speedtest
nodejs
async,async-rust,cryptography,kcp,kcptun,proxy,rust,smol,tunnel
color-scheme,colorscheme,syntax-highlighting,syntax-theme,theme,vim,vim-colors,vim-colorscheme
ant-design,mysql,spring-boot,vue
nachos,operating-system,pku
address,cold-emails,email,email-address,github
auto,autocheckin,autosignin,checkin,cloudgame,cookie,netease
vscode-extension
backtesting,portfolio-backtest,trading-strategy
expo,react,react-native,tabs,tabview
covid,covid19-data,slovakia
filecoin,gundb,ipfs,sdk,storage,textile
android,camera-api,es6,expo,flux-architecture,ios,javascript,react-native,rematch,splashscreen
ctf,ctf-tools,docker,minimal,penetration,penetration-testing-tools,security-vulnerability
characters,genshin,genshin-impact,images,impact,mihoyo
best-practices,examples,go,golang,interface,method,usage
python
animation,gl-transitions,glsl,lazy-loading,lazyload-images,react,transition-animation,transitions,webgl
application,application-framework,game,game-development,game-engine,gamedev,graphics-engine,image-processing,logitech-gaming,openal,openal-soft,opengl,visual-studio,win32,win32-cpp,winapi,windows,xinput
anomaly-detection,anomaly-localization,mvtec,unsupervised-learning
csharp,dotnet,mitre-attack,offensive-security,post-exploitation,powershell-scripts,python3,red-teams,redteam
clustering-algorithm,cocoapods,core,git-lfs,ios,sdk,swift,ui-interaction,xcode
crawler,devtool,extractor,galer,go,golang,spider,url-extractor,url-parser,waybackurls
paging-library,rust,terminal,tui
msckf,odometry,slam,slam-algorithm,slam-algorithms,state-estimation,state-estimation-algorithms,vio,visual-odometry
blog,blog-theme,hugo,hugo-theme
deploy,deployment-automation,devops,devops-tools,gitops,golang,helm,helm-release,kubernetes,yml
appsec,codelabs,freemarker,injection,jinja2,template,tornado,twig,velocity,vulnerable-web-app
attention-mechanism,pytorch,speech-synthesis,tacotron,text-to-speech,tts
jwt,mongodb,oauth2,spring-boot,spring-security
babel,component-loader,easy-to-use,html,nobuild,sfc,single-file-component,vue,vue3,vue3-sfc-loader,vuejs
dom,dom-diff,dom-parser,es6,html,html5,javascript,template,vue
cryptography,decryption,encryption,encryption-utility,small
animation,bottom-drawer,bottom-sheet,bottomsheet,dialog,drag-drop,draggableview,drawer,gesture-control,modal,overlay,popup,react,react-spring,sheet,tailwind-css,ux
animation,swiftui
compression,ntdll,ntfs,rtlcompressbuffer,wof,wofcompresseddata
cm4,cm4-matx,kicad,motherboard,pci,raspberry-pi
spring-analysis
2b2t,api,fabric,fabric-mod,fabricmc,fabricmc-mod,forge,forge-mod,gamesense-client,gui,java,library,minecraft,minecraft-forge,minecraft-forge-mod,minecraft-gui,minecraft-mod,utility-mod
infer,lizard,objective-c,oclint,sonar-objectivec,sonar-swift,sonarqube,sonarqube-ios,sonarqube-ob,sonarqube-plugin,static-analysis,swift,swiftlint
amongus,cheating,dll,game,il2cpp,internal,menu,proxy
guidelines,linter,specification
agile,extreme-programming,manifesto,productivity,solo,solo-developer,tdd
anki,obsidian,obsidian-plugin
android,android-application,bottomnavigationview,compose,composeanimation,coroutines,coroutines-flow,daggerhilt,declarative-ui,demo,hilt-android,jepackcompose,jetpackdatastore,lazygrid,multimodule,mvvm-architecture,navigation,password,sample
responsive-web-design,responsive-website,website-design
android,android-application,computer-vision,doc-scanner,document-scanner,opencv
hacker-news,remarkable-tablet
laravel,laravel-admin-panel,laravel-package,laravel-panel,livewire,php
columnar-storage,olap,postgres,postgresql,rust,rust-lang,vectorized-computation
architecture,dagger-hilt,datastore,flow,jetpack-compose,jetpack-navigation,kotlin-flow,navigation-components
alpine,android,benchmark,cpu,efficiency,energy
package-manager,zig
bert-model,causal-inference,causal-models,causal-spans,causality,conversations,dataset,dialogue-generation,dialogue-systems,emotion,emotion-cause,emotion-cause-pair-extraction,emotion-recognition,emotion-recognition-in-conversation,emotion-tasks,inference,natural-language-inference,reasoning,roberta
android,android-apps,android-dev-summit,android-developers,android-devices,android-ml,android-platform,android-security,android-sitemap,android-study,android-things,api-diffs,chrome-os,codelabs,jetpack,kotlin,learn-android,sitemap,wear-os
arduino,automotive,bus-monitoring,can,can-bus,can-fd,canbus,canfd,canutils,car-hacking,elm327,embedded,j2534,lawicel,logger,obd2,slcan,sniffer,socketcan,stm32
convnet,dataset,machine-learning,neural-networks,pytorch,research
android,androidlocation,flow,livedata
event-emitter,events,javascript,nest,nestjs,node,nodejs,typescript
aspnetcore,changedatacapture,debezium,debeziumkafkaconnector,kafka,microservices,outbox-pattern
hindi,india,indic-languages,kannada,malayalam,marathi,mt5,multilingual,nlp,tamil,telugu,transformer,transformers,translation
datasets,nlp,paper,summary,text-summarization
gnome,hugo,kde,sway,typescript,wayland,wayland-compositor,wayland-protocol
2b2t,anarchy,java,minecraft
charts,d3js,hiccup,visualizations
chess-game,games
coding-test,fast-campus,problem-solving
docker,grpc,grpc-gateway,microservice,microservice-demo,mongodb,nodejs,proxy-server,python,ruby,writing-microservices
docker,docker-compose,framework,golang,integration-testing
bot,bot-tiktok,followers-tiktok,free-bot,heart,heart-tiktok,tiktok,tiktok-api,tiktok-automation,tiktok-bot,tiktok-follow,tiktok-follow-bot,tiktok-followers,tiktok-followers-bot,tiktok-heart,tiktok-python,tiktok-scraper,tiktok-views,tiktokbot,views-bot
admission-webhook,go,golang,krew,kubectl,kubectl-plugin,kubernetes
cxx,cxx11,partial-sort,partial-sorting-algorithms,selection-algorithms,sorting-algorithms
digix,digix-cv,huawei,image-retrieval
http,http-proxy,https,https-proxy,mitm,mitmproxy
breadcrumbs,desktop-app,joplin,plugin,tabs
iot,lorawan,lpwan,network-simulation,simulation
node-js,scss,socket-io,vanilla-javascript,webgame,webrtc
laravel
deployment,digitalocean,heroku,phoenix,render
chinese,speech,tts
3dvision,point-cloud,registration
advanced-persistent-threat,advanced-persistent-threat-data,cyber-security,cybersecurity,infosec,iocs,malware,malware-analysis,malware-detection,malware-research,malware-sample,malware-samples,malwareanalysis,threat-hunting,threat-intel,threat-intelligence,threatintel,virus-scanning,viruses,virustotal
30daymapchallenge,cartography,maps,rspatial,rstats
ego,gin,go,grpc,http,microservice
brick,haskell,tui,typing-practice,websockets
meme,meme-generator,vibing-cat
cocos-creator,easy-to-use,egret,framework,game-dev,laya,monorepo-lerna,phaser,pixijs,typescript
attaching-headers,cookies,deno,framework,hacktoberfest,handlers,http,javascript,matcher,middleware,middlewares,register,router,server
data-science,data-visualization,keras,keras-tensorflow,knn-classification,linear-regression,logistic-regression,machine-learning,machine-learning-algorithms,matplotlib,naive-bayes-classifier,opencv,pandas,python,scikit-learn,seaborn,tensorflow
arbitrage,defi,ethereum,liquidation,mev,rust,web3
org-roam,zettelkasten
caravel,magic,openram,openroad,picorv32,sky130,yosys
custom-lighting,lighting,shader-graph,unity,urp
7060,bigsur,dell,efi,hackintosh,mff,opencore
accessory,automation,cli,daemon,easy-to-use,email,headless,json,low-code,npm,npmjs,smtp,software-as-a-service,typescript
language-models,open-knowledge-graphs
composer,parallel,scripts
ascii,ascii85,base64,emoji,json,unicode,uuencode
3bc-lang,arduino,language,punched-card,virtual-machine
database,docker,mongodb,mysql,postgres
ios,ios-widget,jsx,scriptable,scriptable-object,tsx,typescript,vscode,widget
cache,connection-pool,greenthread,http-client,http-server,java-nio,json,ldap,scala,tls,web,web-cache,web-filter,zio,zio-effects,zio-env,zio-environment,zio-fibers,zio-layers,zlayer
database,key-value-store,nim
css,font,gatsby,react,reactjs,web-fonts
auto-script,bilibili-lottery
elasticseach,kibana,wazuh
3d-graphics,graphics,net,samples,waveengine
css,dark-mode,dark-theme,tailwind,tailwindcss,tailwindcss-plugin
golang,kanban-board,project-management
fatfs,filesystem-libraries,lwext4,nintendo-switch,ntfs-3g,usb-msc
antd,best-practice,react,redux,redux-toolkit,todolist,typescript
colorization,computer-vision,deep-learning,gan,generative-adversarial-network,image-generation,image-processing,pytorch
flutter,fluttter-apps
legaltech,microservice,nlp
deep-ensemble,image-classification,splitnet
angular,ecommerce,graphql,headless,mybatis-plus,spring,spring-boot
caddy,fileserver,shadowsocks,trojan,vless,vmess,xray
dtw,dynamic-time-warping,soft-dtw,time-series
ascii,touch-typing,tui,typing,typing-practice
tailwindcss,tailwindcss2,typescript,vue3-tailwind2,vuejs,vuejs3
catalyst,ios,macos,xamarin
algebraic-effects,effects,functional-programming,javascript
android,android-image-crop,android-image-cropper,camera,canhub,cropper,gallery
android,malloc,memory,mmap,oom
bookmarks,labeling-tool,note-taking,note-taking-app,notes
vue,vue-composition-api,vue-demi,vue3
codesearch,datasette,datasette-io,datasette-plugin,ripgrep
parallax-scroll-document,r
immer,immutable,react,reactjs,state-management,typescript
codebase,human,parsing,person,pytorch,vehicle
